side_or_trapnum,watershed,date,dipteran_large,terrestrial_large,caddisfly_large,mayfly_large,stonefly_large,other_large,dipteran_small,terrestrial_small,caddisfly_small,other_small,dup
1,1,2018-05-14,NA,4,NA,NA,NA,NA,NA,NA,NA,NA,0
1,1,2018-05-21,2,1,1,NA,NA,NA,85,4,NA,NA,0
1,1,2018-05-29,4,6,1,NA,1,NA,NA,NA,NA,NA,0
1,1,2018-06-04,1,1,NA,NA,NA,NA,NA,NA,NA,NA,0
1,1,2018-06-11,NA,1,NA,NA,1,NA,NA,NA,NA,NA,0
1,1,2018-06-18,NA,4,NA,NA,1,NA,NA,NA,NA,NA,0
1,1,2018-06-25,NA,4,3,NA,NA,NA,8,15,NA,NA,0
1,1,2018-07-16,3,8,1,NA,NA,NA,18,NA,NA,NA,0
1,1,2018-07-23,1,25,NA,NA,NA,NA,NA,NA,NA,NA,0
1,1,2018-08-06,NA,2,NA,NA,NA,NA,NA,NA,NA,NA,0
1,1,2018-08-13,1,3,NA,NA,1,NA,NA,NA,NA,NA,0
1,1,2018-08-20,NA,NA,NA,NA,NA,NA,NA,NA,NA,NA,0
1,1,2018-09-04,2,2,NA,NA,1,NA,NA,NA,NA,NA,0
1,1,2018-09-10,NA,2,NA,NA,NA,NA,NA,NA,NA,NA,0
1,1,2018-09-17,NA,NA,NA,NA,NA,NA,2,NA,NA,NA,0
1,1,2018-09-24,1,NA,1,NA,NA,NA,NA,NA,NA,NA,0
1,1,2018-10-01,2,7,NA,NA,NA,NA,NA,NA,NA,NA,0
1,1,2018-10-08,1,NA,NA,NA,NA,NA,NA,NA,NA,NA,0
1,1,2018-10-15,6,1,NA,NA,NA,NA,NA,NA,NA,NA,0
1,1,2018-10-22,1,1,NA,NA,NA,NA,NA,NA,NA,NA,0
10,1,2018-05-14,NA,NA,NA,NA,NA,NA,47,15,NA,NA,0
10,1,2018-05-21,2,3,NA,NA,NA,NA,34,10,NA,NA,0
10,1,2018-05-29,1,4,NA,NA,NA,NA,NA,NA,NA,NA,0
10,1,2018-06-04,2,3,NA,NA,NA,NA,NA,NA,NA,NA,0
10,1,2018-06-11,2,NA,NA,NA,NA,NA,NA,NA,NA,NA,0
10,1,2018-06-18,1,3,NA,NA,1,NA,19,9,NA,NA,0
10,1,2018-06-25,NA,3,NA,NA,NA,NA,NA,NA,NA,NA,0
10,1,2018-07-16,1,2,NA,NA,NA,NA,8,1,NA,NA,0
10,1,2018-07-23,NA,5,NA,NA,NA,NA,14,10,NA,NA,0
10,1,2018-08-06,NA,5,NA,NA,NA,NA,NA,NA,NA,NA,0
10,1,2018-08-13,1,2,NA,NA,NA,NA,NA,NA,NA,NA,0
10,1,2018-08-20,2,1,NA,NA,NA,NA,NA,NA,NA,NA,0
10,1,2018-09-10,NA,1,NA,NA,NA,NA,1,NA,NA,NA,0
10,1,2018-09-17,1,2,NA,NA,NA,NA,NA,NA,NA,NA,0
10,1,2018-09-24,NA,NA,NA,NA,NA,NA,NA,NA,NA,NA,0
10,1,2018-10-01,6,NA,NA,NA,NA,NA,NA,NA,NA,NA,0
10,1,2018-10-08,6,NA,NA,NA,NA,NA,NA,NA,NA,NA,0
10,1,2018-10-15,1,1,NA,NA,NA,NA,NA,NA,NA,NA,0
10,1,2018-10-22,11,2,NA,NA,NA,NA,NA,NA,NA,NA,0
2,1,2018-05-14,NA,7,NA,NA,NA,NA,48,28,NA,NA,0
2,1,2018-05-21,1,NA,1,NA,NA,NA,NA,NA,NA,NA,0
2,1,2018-05-29,NA,1,2,NA,2,NA,NA,NA,NA,NA,0
2,1,2018-06-04,1,1,NA,NA,2,NA,14,5,NA,NA,0
2,1,2018-06-11,1,1,NA,NA,1,NA,NA,NA,NA,NA,0
2,1,2018-06-18,1,14,NA,NA,1,NA,41,15,NA,NA,0
2,1,2018-06-25,1,9,2,NA,4,NA,NA,NA,NA,NA,0
2,1,2018-07-16,NA,7,NA,NA,NA,NA,7,4,NA,NA,0
2,1,2018-07-23,1,10,NA,NA,NA,NA,8,2,NA,NA,0
2,1,2018-08-06,2,1,NA,NA,NA,NA,NA,NA,NA,NA,0
2,1,2018-08-13,1,11,NA,NA,NA,NA,8,NA,NA,NA,0
2,1,2018-08-20,NA,5,NA,NA,NA,NA,10,2,NA,NA,0
2,1,2018-09-04,1,4,NA,NA,NA,NA,NA,NA,NA,NA,0
2,1,2018-09-10,1,1,NA,NA,NA,NA,2,NA,NA,NA,0
2,1,2018-09-17,2,NA,NA,NA,NA,NA,NA,NA,NA,NA,0
2,1,2018-09-24,1,1,NA,NA,NA,NA,NA,NA,NA,NA,0
2,1,2018-10-01,3,2,NA,NA,NA,NA,NA,NA,NA,NA,0
2,1,2018-10-08,NA,1,NA,NA,NA,NA,NA,NA,NA,NA,0
2,1,2018-10-15,2,NA,NA,NA,NA,NA,NA,NA,NA,NA,0
2,1,2018-10-22,14,1,NA,NA,NA,NA,NA,NA,NA,NA,0
3,1,2018-05-14,NA,1,NA,NA,NA,NA,NA,NA,NA,NA,0
3,1,2018-05-21,NA,1,NA,NA,NA,NA,57,6,NA,NA,0
3,1,2018-05-29,4,5,NA,NA,2,NA,NA,NA,NA,NA,0
3,1,2018-06-04,1,2,NA,NA,2,NA,NA,NA,NA,NA,0
3,1,2018-06-11,NA,NA,NA,NA,NA,NA,21,9,NA,NA,0
3,1,2018-06-18,2,10,1,NA,1,NA,NA,NA,NA,NA,0
3,1,2018-06-25,3,7,1,NA,1,NA,NA,NA,NA,NA,0
3,1,2018-07-16,2,5,NA,NA,NA,NA,NA,NA,NA,NA,0
3,1,2018-07-23,1,12,NA,NA,NA,NA,4,6,NA,NA,0
3,1,2018-08-06,NA,NA,NA,NA,NA,NA,2,NA,NA,NA,0
3,1,2018-08-13,NA,1,NA,NA,NA,NA,NA,NA,NA,NA,0
3,1,2018-08-20,NA,2,NA,NA,NA,NA,6,NA,NA,NA,0
3,1,2018-09-04,1,3,NA,NA,NA,NA,8,2,NA,NA,0
3,1,2018-09-10,1,1,NA,NA,NA,NA,NA,NA,NA,NA,0
3,1,2018-09-17,2,4,NA,NA,NA,NA,NA,NA,NA,NA,0
3,1,2018-09-24,5,3,NA,NA,NA,NA,5,NA,NA,NA,0
3,1,2018-10-01,5,NA,NA,NA,NA,NA,6,NA,NA,NA,0
3,1,2018-10-08,3,NA,NA,NA,NA,NA,NA,NA,NA,NA,0
3,1,2018-10-15,5,3,NA,NA,NA,NA,7,NA,NA,NA,0
3,1,2018-10-22,3,NA,NA,NA,NA,NA,6,1,NA,NA,0
4,1,2018-05-14,NA,3,NA,NA,NA,NA,45,15,NA,NA,0
4,1,2018-05-21,3,NA,NA,NA,NA,NA,NA,NA,NA,NA,0
4,1,2018-05-29,2,NA,NA,NA,2,NA,25,2,NA,NA,0
4,1,2018-06-04,7,7,2,NA,NA,NA,37,6,NA,NA,0
4,1,2018-06-11,2,3,NA,NA,NA,NA,NA,NA,NA,NA,0
4,1,2018-06-18,2,5,NA,NA,1,NA,24,17,NA,NA,0
4,1,2018-06-25,NA,2,1,NA,NA,NA,12,12,NA,NA,0
4,1,2018-07-16,4,10,NA,NA,2,NA,NA,NA,NA,NA,0
4,1,2018-07-23,NA,5,NA,NA,1,NA,NA,NA,NA,NA,0
4,1,2018-08-06,1,5,NA,NA,NA,NA,10,1,NA,NA,0
4,1,2018-08-13,1,4,NA,NA,NA,NA,NA,NA,NA,NA,0
4,1,2018-08-20,NA,3,NA,NA,NA,NA,NA,NA,NA,NA,0
4,1,2018-09-04,1,NA,NA,NA,NA,NA,NA,NA,NA,NA,0
4,1,2018-09-10,NA,NA,NA,NA,NA,NA,NA,NA,NA,NA,0
4,1,2018-09-17,2,NA,NA,NA,NA,NA,NA,NA,NA,NA,0
4,1,2018-09-24,NA,NA,NA,NA,NA,NA,NA,NA,NA,NA,0
4,1,2018-10-01,4,1,NA,NA,NA,NA,NA,NA,NA,NA,0
4,1,2018-10-08,1,4,NA,NA,NA,NA,3,2,NA,NA,0
4,1,2018-10-15,5,2,NA,NA,NA,NA,NA,NA,NA,NA,0
4,1,2018-10-22,6,2,NA,NA,NA,NA,6,NA,NA,NA,0
5,1,2018-05-14,1,3,NA,NA,NA,NA,NA,NA,NA,NA,0
5,1,2018-05-21,2,3,NA,NA,NA,NA,NA,NA,NA,NA,0
5,1,2018-05-29,3,3,1,NA,NA,NA,70,3,NA,NA,0
5,1,2018-06-04,3,3,NA,NA,NA,NA,NA,NA,NA,NA,0
5,1,2018-06-11,2,1,NA,NA,NA,NA,28,3,NA,NA,0
5,1,2018-06-18,2,9,1,NA,2,NA,NA,NA,NA,NA,0
5,1,2018-06-25,2,8,NA,NA,1,NA,49,10,NA,NA,0
5,1,2018-07-16,1,19,2,NA,NA,NA,6,20,NA,NA,0
5,1,2018-07-23,1,2,NA,NA,NA,NA,NA,NA,NA,NA,0
5,1,2018-08-06,NA,2,NA,NA,NA,NA,NA,NA,NA,NA,0
5,1,2018-08-13,1,7,NA,NA,NA,NA,3,NA,NA,NA,0
5,1,2018-08-20,NA,2,NA,NA,NA,NA,NA,NA,NA,NA,0
5,1,2018-09-04,NA,7,NA,NA,NA,NA,NA,NA,NA,NA,0
5,1,2018-09-10,2,NA,NA,NA,1,NA,3,NA,NA,NA,0
5,1,2018-09-17,NA,NA,NA,NA,NA,NA,2,NA,NA,NA,0
5,1,2018-09-24,1,NA,NA,NA,NA,NA,7,NA,NA,NA,0
5,1,2018-10-01,4,4,NA,NA,NA,NA,5,NA,NA,NA,0
5,1,2018-10-08,1,NA,NA,NA,NA,NA,6,NA,NA,NA,0
5,1,2018-10-15,15,2,NA,NA,NA,NA,NA,NA,NA,NA,0
5,1,2018-10-22,3,NA,NA,NA,NA,NA,NA,NA,NA,NA,0
6,1,2018-05-14,1,3,NA,NA,1,NA,NA,NA,NA,NA,0
6,1,2018-05-21,1,1,NA,NA,NA,NA,NA,NA,NA,NA,0
6,1,2018-05-29,1,2,NA,NA,4,NA,44,5,NA,NA,0
6,1,2018-06-04,NA,3,1,NA,1,NA,25,4,NA,NA,0
6,1,2018-06-11,3,4,NA,NA,NA,NA,43,11,NA,NA,0
6,1,2018-06-18,3,6,NA,NA,2,NA,NA,NA,NA,NA,0
6,1,2018-06-25,2,7,3,NA,3,NA,NA,NA,NA,NA,0
6,1,2018-07-16,3,19,3,NA,NA,NA,NA,NA,NA,NA,0
6,1,2018-07-23,1,15,NA,NA,NA,NA,NA,NA,NA,NA,0
6,1,2018-08-06,2,3,NA,NA,NA,NA,NA,NA,NA,NA,0
6,1,2018-08-13,1,5,NA,NA,NA,NA,7,NA,NA,NA,0
6,1,2018-08-20,1,4,NA,NA,NA,NA,NA,NA,NA,NA,0
6,1,2018-09-04,1,4,NA,NA,NA,NA,9,NA,NA,NA,0
6,1,2018-09-10,NA,1,NA,NA,NA,NA,NA,NA,NA,NA,0
6,1,2018-09-17,NA,1,NA,NA,NA,NA,NA,NA,NA,NA,0
6,1,2018-09-24,2,NA,NA,NA,NA,NA,NA,NA,NA,NA,0
6,1,2018-10-01,1,2,1,NA,NA,NA,NA,NA,NA,NA,0
6,1,2018-10-08,4,4,NA,NA,NA,NA,NA,NA,NA,NA,0
6,1,2018-10-15,2,NA,NA,NA,NA,NA,4,1,NA,NA,0
6,1,2018-10-22,3,4,NA,NA,NA,NA,5,3,NA,NA,0
7,1,2018-05-14,NA,2,NA,NA,NA,NA,54,34,NA,NA,0
7,1,2018-05-21,1,4,NA,NA,2,NA,NA,NA,NA,NA,0
7,1,2018-05-29,2,7,NA,NA,1,NA,NA,NA,NA,NA,0
7,1,2018-06-04,1,2,NA,NA,2,NA,NA,NA,NA,NA,0
7,1,2018-06-11,4,1,1,NA,NA,NA,28,8,NA,NA,0
7,1,2018-06-18,NA,9,NA,NA,1,NA,NA,NA,NA,NA,0
7,1,2018-06-25,2,7,NA,NA,NA,NA,43,10,NA,NA,0
7,1,2018-07-16,1,6,NA,NA,NA,NA,NA,NA,NA,NA,0
7,1,2018-07-23,1,14,NA,NA,NA,NA,NA,NA,NA,NA,0
7,1,2018-08-06,NA,4,NA,NA,NA,NA,3,1,NA,NA,0
7,1,2018-08-13,2,3,NA,NA,NA,NA,NA,NA,NA,NA,0
7,1,2018-08-20,NA,5,NA,NA,1,NA,NA,NA,NA,NA,0
7,1,2018-09-04,NA,9,NA,NA,NA,NA,11,NA,NA,NA,0
7,1,2018-09-10,NA,NA,NA,NA,NA,NA,4,1,NA,NA,0
7,1,2018-09-17,NA,NA,NA,NA,NA,NA,5,5,NA,NA,0
7,1,2018-09-24,1,1,NA,NA,NA,NA,7,NA,NA,NA,0
7,1,2018-10-01,3,1,NA,NA,NA,NA,3,NA,NA,NA,0
7,1,2018-10-08,7,3,NA,NA,NA,NA,NA,NA,NA,NA,0
7,1,2018-10-15,NA,2,NA,NA,NA,NA,NA,NA,NA,NA,0
7,1,2018-10-22,7,6,NA,NA,NA,NA,NA,NA,NA,NA,0
8,1,2018-05-14,4,3,NA,NA,NA,NA,NA,NA,NA,NA,0
8,1,2018-05-21,1,6,NA,NA,NA,NA,NA,NA,NA,NA,0
8,1,2018-05-29,1,3,4,NA,1,NA,NA,NA,NA,NA,0
8,1,2018-06-04,2,2,NA,NA,1,NA,36,NA,NA,NA,0
8,1,2018-06-11,6,3,NA,NA,NA,NA,NA,NA,NA,NA,0
8,1,2018-06-18,1,8,NA,NA,NA,NA,NA,NA,NA,NA,0
8,1,2018-06-25,NA,2,NA,NA,2,NA,47,8,NA,NA,0
8,1,2018-07-16,NA,3,NA,NA,NA,NA,NA,NA,NA,NA,0
8,1,2018-07-23,1,17,NA,NA,1,NA,NA,NA,NA,NA,0
8,1,2018-08-06,NA,NA,NA,NA,NA,NA,8,NA,NA,NA,0
8,1,2018-08-13,NA,6,NA,NA,NA,NA,3,NA,NA,NA,0
8,1,2018-08-20,NA,2,NA,NA,NA,NA,10,2,NA,NA,0
8,1,2018-09-04,1,3,NA,NA,NA,NA,NA,NA,NA,NA,0
8,1,2018-09-10,1,1,NA,NA,1,NA,NA,NA,NA,NA,0
8,1,2018-09-17,NA,NA,NA,NA,NA,NA,NA,NA,NA,NA,0
8,1,2018-09-24,4,1,NA,NA,NA,NA,NA,NA,NA,NA,0
8,1,2018-10-01,6,NA,NA,NA,NA,NA,NA,NA,NA,NA,0
8,1,2018-10-08,15,1,NA,NA,NA,NA,8,NA,NA,NA,0
8,1,2018-10-15,3,1,NA,NA,NA,NA,8,NA,NA,NA,0
8,1,2018-10-22,11,NA,NA,NA,NA,NA,5,NA,NA,NA,0
9,1,2018-05-14,2,3,1,NA,NA,NA,NA,NA,NA,NA,0
9,1,2018-05-21,4,1,NA,NA,NA,NA,30,4,NA,NA,0
9,1,2018-05-29,NA,6,NA,NA,1,NA,41,5,NA,NA,0
9,1,2018-06-04,NA,2,3,NA,1,NA,NA,NA,NA,NA,0
9,1,2018-06-11,2,3,NA,NA,NA,NA,NA,NA,NA,NA,0
9,1,2018-06-18,1,5,NA,NA,2,NA,8,8,NA,NA,0
9,1,2018-06-25,NA,4,NA,NA,NA,NA,NA,NA,NA,NA,0
9,1,2018-07-16,3,25,NA,NA,1,NA,NA,NA,NA,NA,0
9,1,2018-07-23,2,13,NA,NA,NA,NA,12,3,NA,NA,0
9,1,2018-08-06,NA,11,NA,NA,4,NA,NA,NA,NA,NA,0
9,1,2018-08-13,3,1,NA,NA,NA,NA,NA,NA,NA,NA,0
9,1,2018-08-20,NA,2,NA,NA,NA,NA,2,NA,NA,NA,0
9,1,2018-09-04,NA,NA,NA,NA,NA,NA,6,NA,NA,NA,0
9,1,2018-09-10,1,2,NA,NA,NA,NA,NA,NA,NA,NA,0
9,1,2018-09-17,NA,NA,NA,NA,NA,NA,5,2,NA,NA,0
9,1,2018-09-24,NA,NA,NA,NA,NA,NA,NA,NA,NA,NA,0
9,1,2018-10-01,6,NA,NA,NA,NA,NA,8,2,NA,NA,0
9,1,2018-10-08,5,1,NA,NA,NA,NA,2,1,NA,NA,0
9,1,2018-10-15,5,3,NA,NA,NA,NA,6,NA,NA,NA,0
9,1,2018-10-22,8,NA,NA,NA,NA,NA,NA,NA,NA,NA,0
1,2,2018-07-09,NA,NA,NA,NA,NA,NA,NA,NA,NA,NA,0
10,2,2018-07-09,NA,NA,NA,NA,NA,NA,NA,NA,NA,NA,0
10,2,2018-08-06,NA,NA,NA,NA,NA,NA,NA,NA,NA,NA,0
2,2,2018-07-09,NA,NA,NA,NA,NA,NA,NA,NA,NA,NA,0
2,2,2018-07-16,NA,NA,NA,NA,NA,NA,NA,NA,NA,NA,0
3,2,2018-07-09,NA,NA,NA,NA,NA,NA,NA,NA,NA,NA,0
3,2,2018-07-16,NA,NA,NA,NA,NA,NA,NA,NA,NA,NA,0
4,2,2018-07-09,NA,NA,NA,NA,NA,NA,NA,NA,NA,NA,0
4,2,2018-07-16,NA,NA,NA,NA,NA,NA,NA,NA,NA,NA,0
5,2,2018-07-09,NA,NA,NA,NA,NA,NA,NA,NA,NA,NA,0
5,2,2018-07-16,NA,NA,NA,NA,NA,NA,NA,NA,NA,NA,0
6,2,2018-07-09,NA,NA,NA,NA,NA,NA,NA,NA,NA,NA,0
7,2,2018-07-09,NA,NA,NA,NA,NA,NA,NA,NA,NA,NA,0
7,2,2018-08-06,NA,NA,NA,NA,NA,NA,NA,NA,NA,NA,0
8,2,2018-07-09,NA,NA,NA,NA,NA,NA,NA,NA,NA,NA,0
8,2,2018-08-06,NA,NA,NA,NA,NA,NA,NA,NA,NA,NA,0
9,2,2018-07-09,NA,NA,NA,NA,NA,NA,NA,NA,NA,NA,0
9,2,2018-08-06,NA,NA,NA,NA,NA,NA,NA,NA,NA,NA,0
1,3,2018-05-14,3,1,NA,NA,NA,1,90,NA,NA,5,0
1,3,2018-05-21,2,NA,NA,NA,NA,3,96,NA,NA,NA,0
1,3,2018-05-29,NA,NA,NA,NA,NA,9,100,2,NA,9,0
1,3,2018-06-04,NA,NA,NA,NA,NA,NA,NA,NA,NA,NA,0
1,3,2018-06-11,NA,NA,NA,NA,NA,NA,NA,NA,NA,NA,0
1,3,2018-06-18,NA,NA,NA,NA,NA,NA,NA,NA,NA,NA,0
1,3,2018-06-25,NA,NA,NA,NA,NA,NA,NA,NA,NA,NA,0
1,3,2018-07-02,5,NA,8,NA,NA,3,37,NA,NA,7,0
1,3,2018-07-09,1,NA,2,NA,NA,3,24,1,NA,15,0
1,3,2018-07-16,4,NA,1,NA,NA,2,28,1,NA,8,0
1,3,2018-07-23,1,NA,NA,NA,NA,NA,4,NA,NA,12,0
1,3,2018-07-30,5,NA,NA,NA,NA,2,15,NA,NA,2,0
1,3,2018-08-06,NA,NA,1,NA,6,1,12,NA,NA,2,0
1,3,2018-08-13,NA,NA,NA,NA,NA,NA,NA,NA,NA,NA,0
1,3,2018-08-20,NA,NA,NA,NA,NA,NA,NA,NA,NA,NA,0
1,3,2018-08-27,2,1,NA,NA,1,NA,11,NA,NA,3,0
1,3,2018-09-04,2,NA,NA,NA,NA,NA,16,NA,NA,4,0
1,3,2018-09-10,2,NA,NA,NA,NA,2,14,NA,NA,9,0
1,3,2018-09-17,NA,2,NA,NA,1,1,12,3,NA,7,0
1,3,2018-09-24,6,1,NA,NA,1,NA,28,NA,NA,2,0
1,3,2018-10-01,3,NA,NA,NA,NA,1,40,NA,NA,NA,0
1,3,2018-10-08,1,NA,NA,NA,NA,NA,14,NA,NA,NA,0
1,3,2018-10-15,3,NA,NA,NA,NA,NA,24,NA,NA,NA,0
1,3,2018-10-22,1,NA,NA,NA,NA,NA,5,NA,NA,NA,0
1,3,2018-10-29,NA,NA,NA,NA,NA,NA,1,NA,NA,NA,0
1,3,2018-11-05,2,NA,NA,NA,NA,NA,9,NA,NA,NA,0
1,3,2018-11-12,2,NA,NA,NA,NA,NA,5,1,NA,NA,0
10,3,2018-05-14,NA,NA,NA,NA,NA,2,135,NA,NA,6,0
10,3,2018-05-21,1,NA,NA,NA,NA,3,58,NA,NA,11,0
10,3,2018-05-29,2,NA,NA,NA,1,4,112,NA,NA,22,0
10,3,2018-06-04,NA,NA,NA,NA,NA,NA,NA,NA,NA,NA,0
10,3,2018-06-11,NA,NA,NA,NA,NA,NA,NA,NA,NA,NA,0
10,3,2018-06-18,NA,NA,NA,NA,NA,NA,NA,NA,NA,NA,0
10,3,2018-06-25,NA,NA,NA,NA,NA,NA,NA,NA,NA,NA,0
10,3,2018-07-02,4,NA,2,NA,5,1,52,NA,NA,20,0
10,3,2018-07-09,5,2,7,NA,NA,9,33,1,NA,16,0
10,3,2018-07-16,9,NA,2,NA,2,4,25,NA,NA,19,0
10,3,2018-07-23,NA,NA,NA,NA,NA,NA,NA,NA,NA,NA,0
10,3,2018-07-30,NA,NA,2,NA,5,1,8,NA,NA,NA,0
10,3,2018-08-06,NA,NA,NA,NA,NA,NA,NA,NA,NA,NA,0
10,3,2018-08-13,NA,NA,NA,NA,NA,NA,NA,NA,NA,NA,0
10,3,2018-08-20,NA,NA,NA,NA,NA,NA,NA,NA,NA,NA,0
10,3,2018-08-27,3,NA,1,NA,1,1,16,NA,NA,1,0
10,3,2018-09-04,NA,1,NA,NA,NA,2,16,NA,NA,11,0
10,3,2018-09-10,2,2,NA,NA,NA,2,16,3,NA,6,0
10,3,2018-09-17,2,NA,NA,NA,1,NA,9,3,NA,10,0
10,3,2018-09-24,3,NA,NA,NA,1,NA,30,2,NA,NA,0
10,3,2018-10-01,5,NA,NA,NA,NA,NA,44,NA,NA,2,0
10,3,2018-10-08,5,NA,NA,NA,NA,2,25,NA,NA,NA,0
10,3,2018-10-15,2,NA,NA,NA,NA,NA,18,NA,NA,2,0
10,3,2018-10-22,2,1,NA,NA,NA,NA,8,NA,NA,NA,0
10,3,2018-10-29,NA,1,NA,NA,NA,NA,3,NA,NA,NA,0
10,3,2018-11-05,NA,NA,NA,NA,NA,NA,1,NA,NA,1,0
10,3,2018-11-12,NA,NA,NA,NA,NA,NA,2,NA,NA,1,0
2,3,2018-05-14,NA,1,NA,NA,NA,NA,53,NA,NA,2,0
2,3,2018-05-21,5,NA,NA,NA,NA,1,39,NA,NA,3,0
2,3,2018-05-29,NA,2,NA,NA,3,3,106,NA,NA,5,0
2,3,2018-06-04,NA,NA,NA,NA,NA,NA,NA,NA,NA,NA,0
2,3,2018-06-11,NA,NA,NA,NA,NA,NA,NA,NA,NA,NA,0
2,3,2018-06-18,NA,NA,NA,NA,NA,NA,NA,NA,NA,NA,0
2,3,2018-06-25,NA,NA,NA,NA,NA,NA,NA,NA,NA,NA,0
2,3,2018-07-02,NA,NA,1,NA,1,NA,35,1,NA,3,0
2,3,2018-07-09,4,NA,NA,NA,3,3,33,NA,NA,17,0
2,3,2018-07-16,2,2,NA,NA,NA,3,41,NA,NA,22,0
2,3,2018-07-23,NA,NA,NA,NA,NA,NA,3,NA,NA,9,0
2,3,2018-07-30,4,NA,NA,NA,NA,4,23,NA,NA,2,0
2,3,2018-08-06,NA,NA,1,NA,4,NA,9,NA,NA,2,0
2,3,2018-08-13,NA,NA,NA,NA,NA,NA,NA,NA,NA,NA,0
2,3,2018-08-20,NA,NA,NA,NA,NA,NA,NA,NA,NA,NA,0
2,3,2018-08-27,1,NA,NA,NA,1,NA,9,NA,NA,5,0
2,3,2018-09-04,2,2,NA,NA,NA,2,17,2,NA,11,0
2,3,2018-09-10,3,NA,NA,NA,2,NA,18,NA,NA,18,0
2,3,2018-09-17,NA,NA,1,NA,NA,NA,18,NA,NA,5,0
2,3,2018-09-24,3,NA,NA,NA,NA,1,36,1,NA,5,0
2,3,2018-10-01,2,NA,NA,NA,NA,1,43,NA,NA,NA,0
2,3,2018-10-08,1,NA,NA,NA,NA,1,14,NA,NA,1,0
2,3,2018-10-15,NA,NA,NA,NA,NA,NA,14,NA,NA,NA,0
2,3,2018-10-22,2,NA,NA,NA,NA,NA,4,NA,NA,NA,0
2,3,2018-10-29,NA,NA,NA,NA,NA,NA,1,NA,NA,NA,0
2,3,2018-11-05,NA,NA,NA,NA,NA,NA,2,NA,NA,1,0
2,3,2018-11-12,1,NA,NA,NA,NA,NA,6,NA,NA,1,0
3,3,2018-05-14,NA,1,NA,NA,NA,3,82,NA,NA,1,0
3,3,2018-05-21,2,NA,NA,NA,1,NA,16,NA,NA,2,0
3,3,2018-05-29,2,NA,NA,NA,2,7,75,NA,NA,9,0
3,3,2018-06-04,NA,NA,NA,NA,NA,NA,NA,NA,NA,NA,0
3,3,2018-06-11,NA,NA,NA,NA,NA,NA,NA,NA,NA,NA,0
3,3,2018-06-18,NA,NA,NA,NA,NA,NA,NA,NA,NA,NA,0
3,3,2018-06-25,NA,NA,NA,NA,NA,NA,NA,NA,NA,NA,0
3,3,2018-07-02,4,1,1,NA,2,2,49,NA,NA,6,0
3,3,2018-07-09,NA,NA,NA,NA,1,5,46,NA,NA,13,0
3,3,2018-07-16,3,1,NA,NA,1,1,30,NA,NA,20,0
3,3,2018-07-23,4,NA,NA,NA,NA,1,NA,NA,NA,5,0
3,3,2018-07-30,5,NA,1,NA,1,3,15,NA,NA,NA,0
3,3,2018-08-06,NA,NA,NA,NA,8,3,17,NA,NA,NA,0
3,3,2018-08-13,NA,NA,NA,NA,NA,NA,NA,NA,NA,NA,0
3,3,2018-08-20,NA,NA,NA,NA,NA,NA,NA,NA,NA,NA,0
3,3,2018-08-27,3,NA,NA,NA,1,1,19,1,NA,6,0
3,3,2018-09-04,1,NA,1,NA,NA,2,16,1,NA,4,0
3,3,2018-09-10,4,NA,NA,NA,NA,1,13,1,NA,20,0
3,3,2018-09-17,2,NA,NA,NA,NA,1,10,1,NA,1,0
3,3,2018-09-24,2,1,NA,NA,NA,1,26,NA,NA,4,0
3,3,2018-10-01,4,NA,NA,NA,NA,1,17,NA,NA,NA,0
3,3,2018-10-08,NA,1,NA,NA,NA,NA,24,NA,NA,NA,0
3,3,2018-10-15,3,NA,NA,NA,NA,NA,41,NA,NA,1,0
3,3,2018-10-22,1,NA,NA,NA,NA,NA,7,NA,NA,1,0
3,3,2018-10-29,1,NA,NA,NA,NA,NA,3,NA,NA,NA,0
3,3,2018-11-05,NA,NA,NA,NA,NA,NA,3,NA,NA,NA,0
3,3,2018-11-12,2,NA,NA,NA,NA,NA,13,1,NA,NA,0
4,3,2018-05-14,1,NA,NA,NA,NA,2,24,NA,NA,5,0
4,3,2018-05-21,4,NA,NA,NA,NA,1,33,NA,NA,2,0
4,3,2018-05-29,NA,NA,NA,NA,NA,10,209,NA,NA,6,0
4,3,2018-06-04,NA,NA,NA,NA,NA,NA,NA,NA,NA,NA,0
4,3,2018-06-11,NA,NA,NA,NA,NA,NA,NA,NA,NA,NA,0
4,3,2018-06-18,NA,NA,NA,NA,NA,NA,NA,NA,NA,NA,0
4,3,2018-06-25,NA,NA,NA,NA,NA,NA,NA,NA,NA,NA,0
4,3,2018-07-02,1,NA,3,1,NA,2,45,NA,NA,12,0
4,3,2018-07-09,2,2,NA,NA,NA,7,70,NA,NA,NA,0
4,3,2018-07-16,2,2,5,NA,1,3,39,NA,NA,15,0
4,3,2018-07-23,NA,NA,NA,NA,NA,NA,5,NA,NA,9,0
4,3,2018-07-30,3,2,NA,NA,2,NA,11,NA,NA,1,0
4,3,2018-08-06,NA,NA,NA,NA,5,1,8,NA,NA,1,0
4,3,2018-08-13,NA,NA,NA,NA,NA,NA,NA,NA,NA,NA,0
4,3,2018-08-20,NA,NA,NA,NA,NA,NA,NA,NA,NA,NA,0
4,3,2018-08-27,2,NA,NA,NA,2,1,18,NA,NA,2,0
4,3,2018-09-04,1,NA,NA,NA,4,2,13,NA,NA,10,0
4,3,2018-09-10,5,1,1,NA,NA,3,22,NA,NA,23,0
4,3,2018-09-17,NA,NA,NA,NA,1,NA,9,NA,NA,6,0
4,3,2018-09-24,1,NA,NA,NA,NA,2,14,2,NA,6,0
4,3,2018-10-01,4,NA,NA,NA,NA,NA,19,NA,NA,2,0
4,3,2018-10-08,1,NA,NA,NA,NA,1,20,NA,NA,4,0
4,3,2018-10-15,1,NA,NA,NA,NA,NA,17,NA,NA,1,0
4,3,2018-10-22,1,1,NA,NA,NA,2,9,NA,NA,2,0
4,3,2018-10-29,2,NA,NA,NA,NA,NA,3,NA,NA,NA,0
4,3,2018-11-05,2,NA,NA,NA,NA,NA,3,1,NA,NA,0
4,3,2018-11-12,NA,NA,NA,NA,NA,NA,17,2,NA,NA,0
5,3,2018-05-14,NA,NA,NA,NA,NA,NA,9,NA,NA,1,0
5,3,2018-05-21,2,NA,NA,NA,NA,3,46,NA,NA,6,0
5,3,2018-05-29,NA,2,NA,NA,1,10,49,3,NA,NA,0
5,3,2018-06-04,NA,NA,NA,NA,NA,NA,NA,NA,NA,NA,0
5,3,2018-06-11,NA,NA,NA,NA,NA,NA,NA,NA,NA,NA,0
5,3,2018-06-18,NA,NA,NA,NA,NA,NA,NA,NA,NA,NA,0
5,3,2018-06-25,NA,NA,NA,NA,NA,NA,NA,NA,NA,NA,0
5,3,2018-07-02,2,NA,NA,NA,NA,5,34,NA,NA,14,0
5,3,2018-07-09,1,1,NA,NA,NA,7,33,NA,NA,20,0
5,3,2018-07-16,1,NA,3,NA,1,3,22,1,NA,16,0
5,3,2018-07-23,2,NA,NA,NA,NA,1,7,NA,NA,16,0
5,3,2018-07-30,5,NA,NA,NA,1,NA,12,NA,NA,1,0
5,3,2018-08-06,NA,NA,NA,NA,NA,NA,NA,NA,NA,NA,0
5,3,2018-08-13,NA,NA,NA,NA,NA,NA,NA,NA,NA,NA,0
5,3,2018-08-20,NA,NA,NA,NA,NA,NA,NA,NA,NA,NA,0
5,3,2018-08-27,NA,2,NA,NA,1,1,10,2,NA,2,0
5,3,2018-09-04,4,1,NA,NA,NA,1,31,2,NA,24,0
5,3,2018-09-10,1,NA,NA,NA,NA,NA,16,NA,NA,5,0
5,3,2018-09-17,2,NA,NA,NA,NA,1,9,2,NA,3,0
5,3,2018-09-24,1,NA,NA,NA,NA,NA,37,2,NA,3,0
5,3,2018-10-01,2,NA,NA,NA,NA,NA,31,NA,NA,4,0
5,3,2018-10-08,2,NA,NA,NA,NA,NA,20,NA,NA,2,0
5,3,2018-10-15,3,NA,NA,NA,NA,NA,31,NA,NA,NA,0
5,3,2018-10-22,17,1,NA,NA,NA,NA,10,NA,NA,1,0
5,3,2018-10-29,1,NA,NA,NA,NA,NA,1,NA,NA,NA,0
5,3,2018-11-05,2,NA,NA,NA,NA,NA,6,NA,NA,NA,0
5,3,2018-11-12,2,NA,NA,NA,NA,NA,1,NA,NA,1,0
6,3,2018-05-14,NA,5,NA,NA,NA,2,20,NA,NA,1,0
6,3,2018-05-21,7,NA,NA,NA,NA,5,56,NA,NA,5,0
6,3,2018-05-29,1,1,NA,NA,NA,10,80,3,NA,5,0
6,3,2018-06-04,NA,NA,NA,NA,NA,NA,NA,NA,NA,NA,0
6,3,2018-06-11,NA,NA,NA,NA,NA,NA,NA,NA,NA,NA,0
6,3,2018-06-18,NA,NA,NA,NA,NA,NA,NA,NA,NA,NA,0
6,3,2018-06-25,NA,NA,NA,NA,NA,NA,NA,NA,NA,NA,0
6,3,2018-07-02,NA,NA,NA,NA,NA,NA,60,NA,NA,21,0
6,3,2018-07-09,3,3,1,NA,1,4,31,NA,NA,25,0
6,3,2018-07-16,5,4,NA,NA,NA,2,26,NA,NA,34,0
6,3,2018-07-23,4,NA,NA,NA,NA,NA,NA,NA,NA,8,0
6,3,2018-07-30,NA,NA,1,NA,2,1,12,NA,NA,1,0
6,3,2018-08-06,NA,NA,NA,NA,NA,NA,NA,NA,NA,NA,0
6,3,2018-08-13,NA,NA,NA,NA,NA,NA,NA,NA,NA,NA,0
6,3,2018-08-20,NA,NA,NA,NA,NA,NA,NA,NA,NA,NA,0
6,3,2018-08-27,NA,NA,NA,NA,1,1,21,2,NA,NA,0
6,3,2018-09-04,3,NA,NA,NA,1,2,18,1,NA,14,0
6,3,2018-09-10,NA,NA,NA,NA,NA,1,11,1,NA,10,0
6,3,2018-09-17,5,NA,NA,NA,NA,1,8,4,NA,2,0
6,3,2018-09-24,3,NA,NA,NA,NA,NA,19,NA,NA,6,0
6,3,2018-10-01,3,NA,NA,NA,NA,1,33,NA,NA,1,0
6,3,2018-10-08,4,NA,NA,NA,NA,1,19,NA,NA,NA,0
6,3,2018-10-15,5,NA,NA,NA,NA,NA,37,NA,NA,NA,0
6,3,2018-10-22,16,NA,NA,NA,1,NA,8,NA,NA,2,0
6,3,2018-10-29,NA,NA,NA,NA,NA,NA,1,NA,NA,1,0
6,3,2018-11-05,2,NA,NA,NA,NA,NA,6,1,NA,1,0
6,3,2018-11-12,2,1,NA,NA,NA,NA,3,NA,NA,NA,0
7,3,2018-05-14,NA,NA,NA,NA,NA,NA,6,NA,NA,2,0
7,3,2018-05-21,NA,NA,NA,NA,NA,5,57,4,NA,11,0
7,3,2018-05-29,2,NA,2,NA,4,2,182,NA,NA,6,0
7,3,2018-06-04,NA,NA,NA,NA,NA,NA,NA,NA,NA,NA,0
7,3,2018-06-11,NA,NA,NA,NA,NA,NA,NA,NA,NA,NA,0
7,3,2018-06-18,NA,NA,NA,NA,NA,NA,NA,NA,NA,NA,0
7,3,2018-06-25,NA,NA,NA,NA,NA,NA,NA,NA,NA,NA,0
7,3,2018-07-02,4,3,NA,NA,NA,3,47,NA,NA,22,0
7,3,2018-07-09,NA,NA,4,NA,NA,3,36,2,NA,10,0
7,3,2018-07-16,1,NA,NA,NA,1,7,42,NA,NA,21,0
7,3,2018-07-23,NA,NA,NA,NA,NA,2,7,NA,NA,24,0
7,3,2018-07-30,4,NA,NA,NA,NA,NA,18,NA,NA,5,0
7,3,2018-08-06,NA,NA,NA,NA,NA,NA,NA,NA,NA,NA,0
7,3,2018-08-13,NA,NA,NA,NA,NA,NA,NA,NA,NA,NA,0
7,3,2018-08-20,NA,NA,NA,NA,NA,NA,NA,NA,NA,NA,0
7,3,2018-08-27,3,NA,NA,NA,3,NA,14,NA,NA,2,0
7,3,2018-09-04,2,4,NA,NA,NA,NA,13,NA,NA,9,0
7,3,2018-09-10,1,2,NA,NA,NA,NA,24,NA,NA,8,0
7,3,2018-09-17,4,NA,NA,NA,NA,NA,23,7,NA,6,0
7,3,2018-09-24,NA,3,NA,NA,NA,NA,50,2,NA,7,0
7,3,2018-10-01,2,1,NA,NA,NA,NA,31,NA,NA,1,0
7,3,2018-10-08,1,NA,NA,NA,NA,NA,25,NA,NA,NA,0
7,3,2018-10-15,2,NA,NA,NA,NA,NA,8,NA,NA,1,0
7,3,2018-10-22,5,1,NA,NA,NA,NA,4,NA,NA,NA,0
7,3,2018-10-29,NA,NA,NA,NA,NA,NA,NA,NA,NA,NA,0
7,3,2018-11-05,NA,NA,NA,NA,NA,1,5,NA,NA,NA,0
7,3,2018-11-12,5,NA,NA,NA,NA,NA,26,NA,NA,NA,0
8,3,2018-05-14,5,7,NA,NA,NA,NA,127,NA,NA,10,0
8,3,2018-05-21,NA,NA,NA,NA,2,NA,54,5,NA,9,0
8,3,2018-05-29,1,3,NA,NA,1,9,97,NA,NA,NA,0
8,3,2018-06-04,NA,NA,NA,NA,NA,NA,NA,NA,NA,NA,0
8,3,2018-06-11,NA,NA,NA,NA,NA,NA,NA,NA,NA,NA,0
8,3,2018-06-18,NA,NA,NA,NA,NA,NA,NA,NA,NA,NA,0
8,3,2018-06-25,NA,NA,NA,NA,NA,NA,NA,NA,NA,NA,0
8,3,2018-07-02,NA,NA,1,NA,NA,2,35,NA,NA,9,0
8,3,2018-07-09,NA,1,6,NA,2,5,36,NA,NA,36,0
8,3,2018-07-16,NA,NA,1,NA,NA,4,30,NA,NA,25,0
8,3,2018-07-23,2,NA,NA,NA,NA,3,9,NA,NA,11,0
8,3,2018-07-30,NA,1,NA,NA,NA,1,24,NA,NA,4,0
8,3,2018-08-06,NA,NA,NA,NA,NA,NA,NA,NA,NA,NA,0
8,3,2018-08-13,NA,NA,NA,NA,NA,NA,NA,NA,NA,NA,0
8,3,2018-08-20,NA,NA,NA,NA,NA,NA,NA,NA,NA,NA,0
8,3,2018-08-27,2,NA,NA,NA,2,NA,13,NA,NA,NA,0
8,3,2018-09-04,4,NA,NA,NA,NA,1,18,NA,NA,2,0
8,3,2018-09-10,3,NA,NA,NA,NA,1,9,NA,NA,5,0
8,3,2018-09-17,2,1,NA,NA,NA,NA,18,2,NA,6,0
8,3,2018-09-24,NA,1,1,NA,2,NA,45,NA,NA,4,0
8,3,2018-10-01,2,NA,NA,NA,NA,NA,35,NA,NA,1,0
8,3,2018-10-08,2,NA,NA,NA,NA,NA,26,NA,NA,1,0
8,3,2018-10-15,2,NA,NA,NA,NA,NA,17,NA,NA,2,0
8,3,2018-10-22,1,NA,NA,NA,NA,NA,4,NA,NA,NA,0
8,3,2018-10-29,NA,NA,NA,NA,NA,NA,1,NA,NA,NA,0
8,3,2018-11-05,3,NA,NA,NA,NA,NA,5,1,NA,NA,0
8,3,2018-11-12,1,NA,NA,NA,NA,NA,7,NA,NA,NA,0
9,3,2018-05-14,NA,2,NA,NA,NA,NA,50,NA,NA,6,0
9,3,2018-05-21,NA,NA,NA,NA,NA,1,39,NA,NA,9,0
9,3,2018-05-29,NA,1,NA,NA,NA,5,49,NA,NA,7,0
9,3,2018-06-04,NA,NA,NA,NA,NA,NA,NA,NA,NA,NA,0
9,3,2018-06-11,NA,NA,NA,NA,NA,NA,NA,NA,NA,NA,0
9,3,2018-06-18,NA,NA,NA,NA,NA,NA,NA,NA,NA,NA,0
9,3,2018-06-25,NA,NA,NA,NA,NA,NA,NA,NA,NA,NA,0
9,3,2018-07-02,2,NA,NA,NA,NA,3,25,NA,NA,12,0
9,3,2018-07-09,3,NA,6,NA,3,5,34,NA,NA,4,0
9,3,2018-07-16,5,NA,NA,NA,NA,3,16,NA,NA,11,0
9,3,2018-07-23,NA,NA,NA,NA,NA,NA,NA,NA,NA,NA,0
9,3,2018-07-30,1,NA,1,NA,3,2,6,NA,NA,4,0
9,3,2018-08-06,NA,NA,NA,NA,NA,NA,NA,NA,NA,NA,0
9,3,2018-08-13,NA,NA,NA,NA,NA,NA,NA,NA,NA,NA,0
9,3,2018-08-20,NA,NA,NA,NA,NA,NA,NA,NA,NA,NA,0
9,3,2018-08-27,3,NA,NA,NA,NA,NA,17,NA,NA,1,0
9,3,2018-09-04,1,NA,3,NA,2,2,13,NA,NA,1,0
9,3,2018-09-10,NA,NA,NA,NA,1,NA,39,2,NA,13,0
9,3,2018-09-17,NA,NA,1,NA,NA,NA,6,1,NA,6,0
9,3,2018-09-24,3,1,NA,NA,1,NA,14,2,NA,4,0
9,3,2018-10-01,5,NA,NA,NA,NA,NA,40,NA,NA,NA,0
9,3,2018-10-08,1,NA,NA,NA,NA,NA,24,NA,NA,1,0
9,3,2018-10-15,1,NA,NA,NA,NA,NA,23,NA,NA,4,0
9,3,2018-10-22,1,1,NA,NA,NA,NA,3,NA,NA,NA,0
9,3,2018-10-29,1,NA,NA,NA,NA,NA,NA,NA,NA,2,0
9,3,2018-11-05,NA,NA,NA,NA,NA,NA,10,NA,NA,NA,0
9,3,2018-11-12,1,NA,NA,NA,NA,NA,2,NA,NA,NA,0
1,6,2018-05-14,NA,NA,NA,NA,NA,NA,45,NA,NA,NA,0
1,6,2018-05-21,4,NA,NA,NA,NA,2,73,NA,NA,NA,0
1,6,2018-05-29,NA,NA,NA,NA,1,2,56,NA,NA,6,0
1,6,2018-06-04,NA,1,NA,NA,NA,3,23,NA,NA,3,0
1,6,2018-06-11,2,NA,NA,NA,1,3,15,NA,NA,4,0
1,6,2018-06-18,NA,1,NA,NA,1,5,19,1,NA,11,0
1,6,2018-06-25,1,NA,NA,NA,NA,NA,38,NA,NA,15,0
1,6,2018-07-02,NA,NA,NA,NA,NA,2,15,NA,NA,3,0
1,6,2018-07-09,2,NA,NA,NA,1,4,23,NA,NA,6,0
1,6,2018-07-16,2,1,NA,NA,NA,2,9,1,NA,7,0
1,6,2018-07-23,2,2,NA,NA,NA,2,3,NA,NA,6,0
1,6,2018-07-30,NA,NA,NA,NA,NA,2,11,NA,NA,1,0
1,6,2018-08-06,NA,NA,NA,NA,NA,2,14,NA,NA,2,0
1,6,2018-08-13,2,NA,NA,NA,NA,4,8,NA,NA,3,0
1,6,2018-08-20,NA,NA,1,NA,NA,6,3,NA,NA,NA,0
1,6,2018-08-27,NA,1,NA,NA,NA,NA,3,NA,NA,1,0
1,6,2018-09-04,1,NA,NA,NA,NA,NA,4,NA,NA,3,0
1,6,2018-09-10,NA,NA,NA,NA,NA,NA,6,NA,NA,1,0
1,6,2018-09-17,1,NA,NA,NA,NA,NA,3,NA,NA,NA,0
1,6,2018-09-24,1,NA,NA,NA,NA,NA,9,NA,NA,3,0
1,6,2018-10-01,4,NA,NA,NA,NA,NA,4,NA,NA,NA,0
1,6,2018-10-08,1,NA,NA,NA,NA,NA,2,NA,NA,NA,0
1,6,2018-10-15,9,NA,NA,NA,NA,NA,1,NA,NA,NA,0
1,6,2018-10-22,NA,NA,NA,NA,NA,NA,1,NA,NA,NA,0
1,6,2018-10-29,1,NA,NA,NA,NA,NA,4,NA,NA,NA,0
1,6,2018-11-05,5,NA,NA,NA,NA,NA,2,NA,NA,NA,0
1,6,2018-11-12,3,NA,NA,NA,NA,NA,2,NA,NA,NA,0
10,6,2018-05-14,NA,NA,NA,NA,NA,2,42,NA,NA,9,0
10,6,2018-05-21,NA,NA,NA,NA,1,2,64,NA,NA,4,0
10,6,2018-05-29,2,NA,NA,NA,NA,1,22,NA,NA,3,0
10,6,2018-06-04,NA,NA,NA,NA,1,NA,31,1,NA,NA,0
10,6,2018-06-11,NA,NA,NA,NA,NA,4,78,NA,NA,2,0
10,6,2018-06-18,3,1,NA,NA,NA,8,11,NA,NA,11,0
10,6,2018-06-25,3,1,2,NA,1,2,22,NA,NA,14,0
10,6,2018-07-02,1,NA,NA,NA,NA,2,19,NA,NA,4,0
10,6,2018-07-09,3,NA,NA,NA,1,3,22,NA,NA,6,0
10,6,2018-07-16,1,NA,1,NA,NA,1,22,NA,NA,8,0
10,6,2018-07-30,4,2,NA,NA,2,1,7,NA,NA,3,0
10,6,2018-08-06,NA,NA,NA,NA,NA,2,6,NA,NA,1,0
10,6,2018-08-13,NA,NA,NA,NA,NA,2,7,NA,NA,2,0
10,6,2018-08-20,NA,NA,NA,NA,NA,3,4,NA,NA,NA,0
10,6,2018-08-27,1,NA,NA,NA,NA,NA,7,NA,NA,NA,0
10,6,2018-09-04,NA,NA,NA,NA,NA,NA,4,NA,NA,NA,0
10,6,2018-09-10,NA,NA,NA,NA,NA,1,5,NA,NA,1,0
10,6,2018-09-17,NA,NA,NA,NA,NA,2,9,NA,NA,1,0
10,6,2018-09-24,1,NA,NA,NA,NA,NA,4,NA,NA,NA,0
10,6,2018-10-01,1,NA,NA,NA,NA,NA,7,NA,NA,NA,0
10,6,2018-10-08,9,NA,NA,NA,NA,NA,24,NA,NA,NA,0
10,6,2018-10-15,NA,NA,NA,NA,NA,NA,NA,NA,NA,NA,0
10,6,2018-10-22,1,NA,NA,NA,NA,NA,4,NA,NA,NA,0
10,6,2018-10-29,1,NA,NA,NA,NA,NA,NA,NA,NA,NA,0
10,6,2018-11-05,1,NA,NA,NA,NA,NA,2,NA,NA,NA,0
10,6,2018-11-12,10,NA,NA,NA,NA,NA,4,NA,NA,NA,0
2,6,2018-05-14,NA,NA,NA,NA,NA,2,44,NA,NA,4,0
2,6,2018-05-21,NA,NA,NA,NA,NA,NA,26,NA,NA,1,0
2,6,2018-05-29,1,NA,NA,NA,1,2,74,NA,NA,NA,0
2,6,2018-06-04,1,NA,NA,NA,NA,1,28,NA,NA,5,0
2,6,2018-06-11,1,1,NA,NA,NA,1,28,1,NA,6,0
2,6,2018-06-18,4,1,NA,NA,NA,2,47,1,NA,10,0
2,6,2018-06-25,1,NA,NA,NA,1,2,25,NA,NA,7,0
2,6,2018-07-02,3,NA,NA,NA,NA,NA,34,NA,NA,4,0
2,6,2018-07-09,NA,NA,4,NA,NA,4,26,NA,NA,9,0
2,6,2018-07-16,2,NA,NA,NA,NA,11,24,NA,NA,11,0
2,6,2018-07-23,1,NA,NA,NA,NA,1,1,NA,NA,3,0
2,6,2018-07-30,2,NA,NA,NA,NA,NA,18,NA,NA,NA,0
2,6,2018-08-06,1,NA,NA,NA,NA,4,4,NA,NA,2,0
2,6,2018-08-13,NA,NA,NA,NA,NA,3,4,NA,NA,3,0
2,6,2018-08-20,NA,NA,NA,NA,1,1,14,NA,NA,4,0
2,6,2018-08-27,1,NA,NA,NA,2,NA,5,NA,NA,NA,0
2,6,2018-09-04,NA,1,NA,NA,NA,1,3,NA,NA,2,0
2,6,2018-09-10,1,NA,NA,NA,NA,NA,5,NA,NA,1,0
2,6,2018-09-17,1,NA,NA,NA,NA,NA,2,NA,NA,1,0
2,6,2018-09-24,1,NA,NA,NA,NA,NA,7,NA,NA,1,0
2,6,2018-10-01,NA,NA,NA,NA,NA,NA,13,NA,NA,NA,0
2,6,2018-10-08,NA,NA,NA,NA,NA,NA,2,NA,NA,NA,0
2,6,2018-10-15,2,NA,NA,NA,NA,NA,10,NA,NA,NA,0
2,6,2018-10-22,NA,NA,NA,NA,NA,NA,8,NA,NA,NA,0
2,6,2018-10-29,NA,1,NA,NA,NA,NA,1,NA,NA,NA,0
2,6,2018-11-05,2,NA,NA,NA,NA,NA,1,NA,NA,NA,0
2,6,2018-11-12,4,NA,NA,NA,NA,NA,2,NA,NA,NA,0
3,6,2018-05-14,NA,2,NA,NA,NA,4,41,NA,NA,8,0
3,6,2018-05-21,NA,NA,NA,NA,NA,NA,42,NA,NA,1,0
3,6,2018-05-29,2,NA,NA,NA,1,2,30,NA,NA,NA,0
3,6,2018-06-04,3,NA,NA,NA,NA,23,15,NA,NA,5,0
3,6,2018-06-11,1,1,NA,NA,1,4,42,1,NA,11,0
3,6,2018-06-18,5,NA,NA,NA,1,4,19,3,NA,10,0
3,6,2018-06-25,1,NA,NA,NA,NA,2,24,3,NA,6,0
3,6,2018-07-02,NA,1,1,NA,NA,NA,35,NA,NA,10,0
3,6,2018-07-09,1,NA,NA,NA,NA,4,13,NA,NA,NA,0
3,6,2018-07-16,6,NA,1,NA,NA,6,10,NA,NA,10,0
3,6,2018-07-23,3,NA,NA,NA,NA,10,20,NA,NA,5,0
3,6,2018-07-30,1,1,NA,NA,NA,4,12,NA,NA,1,0
3,6,2018-08-06,3,NA,2,NA,NA,4,7,NA,NA,2,0
3,6,2018-08-13,NA,NA,NA,NA,NA,4,8,NA,NA,3,0
3,6,2018-08-20,2,NA,NA,NA,NA,2,3,NA,NA,NA,0
3,6,2018-08-27,1,NA,NA,NA,NA,1,4,NA,NA,2,0
3,6,2018-09-04,NA,NA,NA,NA,NA,3,7,NA,NA,1,0
3,6,2018-09-10,NA,NA,1,NA,NA,2,2,NA,NA,NA,0
3,6,2018-09-17,1,NA,NA,NA,NA,NA,6,NA,NA,NA,0
3,6,2018-09-24,NA,NA,NA,NA,NA,NA,2,NA,NA,NA,0
3,6,2018-10-01,NA,NA,NA,NA,NA,1,4,NA,NA,1,0
3,6,2018-10-08,NA,NA,NA,NA,NA,NA,4,NA,NA,NA,0
3,6,2018-10-15,1,NA,NA,NA,NA,NA,4,NA,NA,2,0
3,6,2018-10-22,NA,NA,NA,NA,NA,NA,1,NA,NA,NA,0
3,6,2018-10-29,2,NA,NA,NA,NA,NA,NA,NA,NA,NA,0
3,6,2018-11-05,0,NA,NA,NA,NA,NA,NA,NA,NA,NA,0
3,6,2018-11-12,4,NA,NA,NA,NA,NA,5,NA,NA,NA,0
4,6,2018-05-14,NA,NA,NA,NA,NA,3,26,NA,NA,10,0
4,6,2018-05-21,NA,NA,NA,NA,NA,1,28,NA,NA,1,0
4,6,2018-05-29,NA,NA,NA,NA,NA,2,35,NA,NA,2,0
4,6,2018-06-04,NA,1,NA,NA,NA,1,16,NA,NA,NA,0
4,6,2018-06-11,NA,NA,NA,NA,NA,NA,18,1,NA,1,0
4,6,2018-06-18,2,NA,NA,NA,2,3,52,NA,NA,25,0
4,6,2018-06-25,2,NA,NA,NA,1,NA,25,NA,NA,15,0
4,6,2018-07-02,5,NA,NA,NA,NA,NA,36,NA,NA,NA,0
4,6,2018-07-09,5,NA,NA,NA,NA,6,12,NA,NA,6,0
4,6,2018-07-16,2,NA,NA,NA,2,8,12,NA,NA,11,0
4,6,2018-07-23,4,NA,NA,NA,NA,3,9,NA,NA,6,0
4,6,2018-07-30,NA,NA,NA,NA,1,3,5,NA,NA,NA,0
4,6,2018-08-06,2,NA,NA,NA,NA,3,6,NA,NA,NA,0
4,6,2018-08-13,1,NA,NA,NA,NA,1,6,NA,NA,1,0
4,6,2018-08-20,NA,NA,NA,NA,NA,1,6,NA,NA,NA,0
4,6,2018-08-27,1,NA,NA,NA,NA,NA,6,NA,NA,3,0
4,6,2018-09-04,NA,NA,NA,NA,NA,NA,3,NA,NA,NA,0
4,6,2018-09-10,NA,NA,NA,NA,NA,1,2,NA,NA,NA,0
4,6,2018-09-17,NA,NA,NA,NA,NA,NA,2,NA,NA,2,0
4,6,2018-09-24,NA,NA,NA,NA,NA,NA,5,NA,NA,1,0
4,6,2018-10-01,2,NA,NA,NA,NA,NA,7,NA,NA,NA,0
4,6,2018-10-08,1,NA,NA,NA,NA,NA,3,NA,NA,NA,0
4,6,2018-10-15,1,NA,NA,NA,NA,NA,7,NA,NA,NA,0
4,6,2018-10-22,2,NA,NA,NA,NA,NA,2,NA,NA,NA,0
4,6,2018-10-29,2,NA,NA,NA,NA,NA,NA,NA,NA,NA,0
4,6,2018-11-05,3,NA,NA,NA,NA,NA,5,NA,NA,NA,0
4,6,2018-11-12,3,NA,NA,NA,NA,NA,6,NA,NA,NA,0
5,6,2018-05-14,3,NA,NA,NA,NA,NA,43,NA,NA,8,0
5,6,2018-05-21,NA,1,NA,NA,NA,1,18,NA,NA,NA,0
5,6,2018-05-29,2,1,NA,NA,NA,2,65,NA,NA,1,0
5,6,2018-06-04,2,NA,NA,NA,1,5,59,NA,NA,6,0
5,6,2018-06-11,1,NA,NA,NA,NA,NA,18,NA,NA,NA,0
5,6,2018-06-18,NA,NA,NA,NA,NA,NA,32,2,NA,14,0
5,6,2018-06-25,NA,NA,4,NA,2,3,61,NA,NA,10,0
5,6,2018-07-02,2,NA,1,NA,NA,4,31,NA,NA,13,0
5,6,2018-07-09,2,NA,NA,NA,1,1,18,NA,NA,12,0
5,6,2018-07-16,2,NA,NA,NA,NA,6,11,NA,NA,7,0
5,6,2018-07-23,NA,3,NA,NA,NA,2,12,NA,NA,11,0
5,6,2018-07-30,1,NA,NA,NA,NA,4,6,NA,NA,NA,0
5,6,2018-08-06,NA,1,NA,NA,2,1,7,NA,NA,2,0
5,6,2018-08-13,NA,NA,NA,NA,NA,1,7,NA,NA,2,0
5,6,2018-08-20,1,NA,NA,NA,NA,3,6,NA,NA,3,0
5,6,2018-08-27,1,NA,NA,NA,NA,1,2,NA,NA,NA,0
5,6,2018-09-04,1,NA,NA,NA,NA,1,4,NA,NA,NA,0
5,6,2018-09-10,NA,NA,NA,NA,NA,1,2,NA,NA,NA,0
5,6,2018-09-17,NA,NA,NA,NA,NA,NA,3,NA,NA,NA,0
5,6,2018-09-24,1,NA,NA,NA,NA,NA,17,NA,NA,1,0
5,6,2018-10-01,NA,NA,NA,NA,NA,NA,6,NA,NA,NA,0
5,6,2018-10-08,2,NA,NA,NA,NA,NA,11,NA,NA,NA,0
5,6,2018-10-15,2,NA,NA,NA,NA,NA,4,NA,NA,NA,0
5,6,2018-10-22,1,NA,NA,NA,NA,NA,2,NA,NA,NA,0
5,6,2018-10-29,1,NA,NA,NA,NA,NA,NA,NA,NA,NA,0
5,6,2018-11-05,5,NA,NA,NA,NA,NA,4,NA,NA,NA,0
5,6,2018-11-12,4,NA,NA,NA,NA,NA,3,NA,NA,NA,0
6,6,2018-05-14,4,NA,NA,NA,NA,3,207,NA,NA,10,0
6,6,2018-05-21,3,NA,NA,NA,NA,2,NA,NA,NA,5,0
6,6,2018-05-29,NA,NA,NA,NA,NA,1,30,NA,NA,4,0
6,6,2018-06-04,NA,NA,NA,NA,NA,NA,17,1,NA,2,0
6,6,2018-06-11,NA,NA,NA,NA,NA,NA,24,NA,NA,4,0
6,6,2018-06-18,6,NA,NA,NA,1,4,30,NA,NA,14,0
6,6,2018-06-25,2,NA,NA,NA,NA,2,27,1,NA,3,0
6,6,2018-07-02,4,NA,1,NA,NA,NA,30,NA,NA,4,0
6,6,2018-07-09,2,NA,NA,NA,1,1,25,NA,NA,13,0
6,6,2018-07-16,2,1,NA,NA,NA,3,14,NA,NA,12,0
6,6,2018-07-23,NA,NA,NA,NA,NA,5,11,NA,NA,13,0
6,6,2018-07-30,4,NA,NA,NA,NA,2,13,NA,NA,2,0
6,6,2018-08-06,3,NA,NA,NA,NA,NA,7,NA,NA,NA,0
6,6,2018-08-13,NA,NA,NA,NA,NA,1,14,NA,NA,2,0
6,6,2018-08-20,1,NA,NA,NA,NA,2,7,NA,NA,5,0
6,6,2018-08-27,NA,NA,NA,NA,NA,1,6,NA,NA,1,0
6,6,2018-09-04,NA,NA,NA,NA,NA,1,7,NA,NA,NA,0
6,6,2018-09-10,1,NA,NA,NA,1,NA,8,NA,NA,2,0
6,6,2018-09-17,NA,NA,NA,NA,NA,NA,6,NA,NA,NA,0
6,6,2018-09-24,NA,NA,NA,NA,NA,NA,15,NA,NA,1,0
6,6,2018-10-01,4,NA,NA,NA,NA,NA,10,NA,NA,NA,0
6,6,2018-10-08,NA,NA,NA,NA,NA,NA,5,NA,NA,NA,0
6,6,2018-10-15,2,NA,NA,NA,NA,NA,6,NA,NA,NA,0
6,6,2018-10-22,2,NA,NA,NA,NA,NA,3,NA,NA,1,0
6,6,2018-10-29,0,NA,NA,NA,NA,NA,NA,NA,NA,NA,0
6,6,2018-11-05,1,NA,NA,NA,NA,NA,3,NA,NA,NA,0
6,6,2018-11-12,4,NA,NA,NA,NA,NA,5,NA,NA,NA,0
7,6,2018-05-14,NA,NA,NA,NA,NA,NA,57,NA,NA,6,0
7,6,2018-05-21,NA,NA,NA,NA,1,3,73,NA,NA,1,0
7,6,2018-05-29,NA,NA,NA,NA,NA,3,76,NA,NA,7,0
7,6,2018-06-04,2,NA,NA,NA,NA,4,41,NA,NA,4,0
7,6,2018-06-11,NA,NA,NA,NA,NA,NA,87,5,NA,9,0
7,6,2018-06-18,NA,2,NA,NA,NA,5,32,1,NA,6,0
7,6,2018-06-25,2,NA,NA,NA,NA,2,14,2,NA,3,0
7,6,2018-07-02,3,NA,2,NA,1,1,22,NA,NA,4,0
7,6,2018-07-09,3,NA,1,NA,NA,4,21,NA,NA,8,0
7,6,2018-07-16,2,NA,NA,NA,NA,4,2,NA,NA,8,0
7,6,2018-07-23,2,NA,NA,NA,NA,5,10,NA,NA,7,0
7,6,2018-07-30,1,NA,NA,NA,NA,3,13,NA,NA,NA,0
7,6,2018-08-06,NA,NA,NA,NA,NA,5,8,NA,NA,3,0
7,6,2018-08-13,1,NA,NA,NA,NA,1,2,NA,NA,NA,0
7,6,2018-08-20,1,NA,NA,NA,1,1,6,NA,NA,2,0
7,6,2018-08-27,NA,NA,NA,NA,NA,1,11,NA,NA,NA,0
7,6,2018-09-04,NA,NA,NA,NA,NA,1,4,NA,NA,1,0
7,6,2018-09-10,1,NA,NA,NA,NA,NA,4,NA,NA,1,0
7,6,2018-09-17,NA,NA,NA,NA,NA,NA,5,NA,NA,2,0
7,6,2018-09-24,NA,NA,NA,NA,NA,NA,11,NA,NA,1,0
7,6,2018-10-01,3,NA,NA,NA,NA,NA,6,NA,NA,1,0
7,6,2018-10-08,2,NA,NA,NA,NA,NA,6,NA,NA,NA,0
7,6,2018-10-15,NA,NA,NA,NA,NA,NA,4,NA,NA,NA,0
7,6,2018-10-22,NA,NA,NA,NA,NA,NA,9,NA,NA,NA,0
7,6,2018-10-29,1,NA,NA,NA,NA,NA,2,NA,NA,NA,0
7,6,2018-11-05,4,NA,NA,NA,NA,NA,2,NA,NA,NA,0
7,6,2018-11-12,1,NA,NA,NA,NA,NA,4,NA,NA,NA,0
8,6,2018-05-14,NA,NA,NA,NA,NA,NA,65,NA,NA,13,0
8,6,2018-05-21,1,NA,NA,NA,NA,4,32,NA,NA,4,0
8,6,2018-05-29,NA,NA,NA,NA,NA,NA,20,NA,NA,2,0
8,6,2018-06-04,1,NA,NA,NA,2,NA,66,NA,NA,3,0
8,6,2018-06-11,2,NA,NA,NA,NA,NA,14,NA,NA,1,0
8,6,2018-06-18,1,NA,NA,NA,5,5,25,7,NA,12,0
8,6,2018-06-25,2,NA,NA,NA,1,3,22,NA,NA,3,0
8,6,2018-07-02,NA,NA,2,NA,NA,3,14,NA,NA,3,0
8,6,2018-07-09,3,NA,NA,NA,1,3,23,NA,NA,9,0
8,6,2018-07-16,2,NA,NA,NA,NA,4,2,NA,NA,8,0
8,6,2018-07-23,3,NA,NA,NA,NA,2,9,NA,NA,8,0
8,6,2018-07-30,2,1,NA,NA,1,1,11,NA,NA,3,0
8,6,2018-08-06,NA,NA,NA,NA,NA,2,6,NA,NA,2,0
8,6,2018-08-13,NA,1,NA,NA,NA,NA,14,NA,NA,1,0
8,6,2018-08-20,NA,NA,NA,NA,NA,NA,7,NA,NA,2,0
8,6,2018-08-27,1,NA,NA,NA,NA,2,7,NA,NA,1,0
8,6,2018-09-04,NA,NA,NA,NA,NA,1,7,NA,NA,NA,0
8,6,2018-09-10,1,NA,NA,NA,NA,2,6,NA,NA,2,0
8,6,2018-09-17,NA,NA,NA,NA,NA,1,7,NA,NA,3,0
8,6,2018-09-24,NA,NA,NA,NA,NA,NA,4,NA,NA,NA,0
8,6,2018-10-01,1,NA,NA,NA,NA,NA,13,NA,NA,NA,0
8,6,2018-10-08,2,NA,NA,NA,NA,NA,10,NA,NA,NA,0
8,6,2018-10-15,1,NA,NA,NA,NA,NA,7,NA,NA,NA,0
8,6,2018-10-22,2,NA,NA,NA,NA,NA,2,NA,NA,1,0
8,6,2018-10-29,0,NA,NA,NA,NA,NA,NA,NA,NA,NA,0
8,6,2018-11-05,4,NA,NA,NA,NA,NA,3,NA,NA,NA,0
8,6,2018-11-12,4,NA,NA,NA,NA,NA,6,NA,NA,NA,0
9,6,2018-05-14,NA,NA,NA,NA,NA,NA,272,NA,NA,14,0
9,6,2018-05-21,1,NA,NA,NA,NA,1,30,NA,NA,6,0
9,6,2018-05-29,1,NA,NA,NA,NA,4,57,NA,NA,NA,0
9,6,2018-06-04,2,NA,NA,NA,NA,NA,22,NA,NA,1,0
9,6,2018-06-11,NA,NA,NA,NA,NA,NA,36,NA,NA,1,0
9,6,2018-06-18,1,1,NA,NA,NA,8,5,2,NA,8,0
9,6,2018-06-25,2,NA,NA,NA,NA,4,18,NA,NA,7,0
9,6,2018-07-02,4,NA,NA,NA,NA,1,29,NA,NA,7,0
9,6,2018-07-09,3,NA,1,NA,1,5,19,NA,NA,9,0
9,6,2018-07-16,3,NA,1,NA,1,6,20,NA,NA,11,0
9,6,2018-07-30,3,NA,NA,NA,NA,4,11,NA,NA,NA,0
9,6,2018-08-06,NA,NA,NA,NA,NA,2,8,NA,NA,1,0
9,6,2018-08-13,NA,NA,NA,NA,1,NA,6,NA,NA,5,0
9,6,2018-08-20,NA,NA,NA,NA,NA,NA,8,NA,NA,2,0
9,6,2018-08-27,NA,NA,NA,NA,NA,2,2,NA,NA,NA,0
9,6,2018-09-04,1,NA,NA,NA,NA,2,6,NA,NA,4,0
9,6,2018-09-10,1,NA,NA,NA,NA,NA,5,NA,NA,1,0
9,6,2018-09-17,NA,NA,NA,NA,NA,NA,3,NA,NA,NA,0
9,6,2018-09-24,2,NA,NA,NA,NA,NA,2,NA,NA,NA,0
9,6,2018-10-01,1,NA,NA,NA,NA,NA,2,NA,NA,NA,0
9,6,2018-10-08,4,NA,NA,NA,NA,NA,13,NA,NA,NA,0
9,6,2018-10-15,NA,NA,NA,NA,NA,NA,NA,NA,NA,NA,0
9,6,2018-10-22,2,NA,NA,NA,NA,NA,5,NA,NA,NA,0
9,6,2018-10-29,1,NA,NA,NA,NA,NA,NA,NA,NA,NA,0
9,6,2018-11-05,2,NA,NA,NA,NA,NA,2,NA,NA,NA,0
9,6,2018-11-12,7,NA,NA,NA,NA,NA,4,NA,NA,NA,0
1,9,2018-05-21,10,2,NA,NA,NA,3,16,2,NA,10,0
1,9,2018-05-29,5,4,NA,NA,1,2,21,9,NA,32,0
1,9,2018-06-04,4,NA,NA,NA,NA,1,11,NA,NA,8,0
1,9,2018-06-11,15,NA,NA,NA,NA,NA,26,NA,NA,2,0
1,9,2018-06-18,1,NA,NA,NA,1,3,20,NA,NA,6,0
1,9,2018-06-25,6,8,NA,NA,NA,4,30,NA,NA,25,0
1,9,2018-07-02,11,NA,1,NA,NA,2,18,NA,NA,10,0
1,9,2018-07-09,2,2,NA,NA,NA,2,17,NA,NA,21,0
1,9,2018-07-16,NA,3,NA,NA,NA,3,22,NA,NA,14,0
1,9,2018-07-23,5,NA,NA,NA,NA,NA,12,NA,NA,15,0
1,9,2018-07-30,2,NA,NA,NA,6,NA,9,NA,NA,NA,0
1,9,2018-08-06,4,NA,NA,NA,1,NA,3,NA,NA,2,0
1,9,2018-08-13,2,NA,NA,NA,1,NA,2,NA,NA,NA,0
1,9,2018-08-20,1,NA,NA,NA,2,1,7,NA,NA,NA,0
1,9,2018-08-27,3,1,2,NA,1,NA,2,NA,NA,1,0
1,9,2018-09-04,4,NA,NA,NA,1,NA,6,NA,NA,NA,0
1,9,2018-09-10,1,NA,1,NA,NA,NA,2,NA,NA,1,0
1,9,2018-09-17,5,2,1,NA,2,NA,10,NA,NA,NA,0
1,9,2018-09-24,2,NA,NA,NA,2,NA,8,NA,NA,1,0
1,9,2018-10-01,4,NA,NA,NA,NA,NA,5,2,NA,NA,0
1,9,2018-10-08,NA,NA,NA,NA,NA,NA,12,NA,NA,NA,0
1,9,2018-10-15,4,NA,NA,NA,NA,NA,12,NA,NA,NA,0
1,9,2018-10-22,2,NA,NA,NA,NA,NA,7,NA,NA,NA,0
1,9,2018-10-29,NA,NA,NA,NA,NA,NA,1,NA,NA,NA,0
1,9,2018-11-05,2,NA,NA,NA,NA,NA,1,NA,NA,NA,0
1,9,2018-11-12,2,NA,NA,NA,NA,NA,3,NA,NA,NA,0
10,9,2018-05-21,3,1,NA,NA,NA,2,7,5,NA,6,0
10,9,2018-05-29,7,NA,NA,NA,NA,NA,10,1,NA,5,0
10,9,2018-06-04,3,2,NA,NA,1,2,22,NA,NA,18,0
10,9,2018-06-11,1,NA,NA,NA,NA,NA,11,NA,NA,2,0
10,9,2018-06-18,2,NA,NA,NA,NA,3,64,NA,NA,18,0
10,9,2018-06-25,10,5,NA,NA,NA,NA,19,NA,NA,6,0
10,9,2018-07-02,2,4,NA,NA,1,2,11,NA,NA,2,0
10,9,2018-07-09,3,6,1,NA,NA,3,16,NA,NA,NA,0
10,9,2018-07-16,1,5,NA,NA,1,1,16,NA,NA,14,0
10,9,2018-07-23,1,4,1,NA,6,NA,19,3,NA,5,0
10,9,2018-07-30,NA,NA,NA,NA,2,NA,3,NA,NA,4,0
10,9,2018-08-06,3,1,NA,NA,9,2,6,NA,NA,NA,0
10,9,2018-08-13,2,NA,NA,NA,5,1,10,NA,NA,NA,0
10,9,2018-08-20,3,NA,NA,NA,NA,1,5,NA,NA,NA,0
10,9,2018-08-27,4,NA,NA,NA,6,NA,1,NA,NA,NA,0
10,9,2018-09-04,1,NA,NA,NA,NA,NA,4,NA,NA,4,0
10,9,2018-09-10,2,NA,NA,NA,3,NA,1,NA,NA,NA,0
10,9,2018-09-17,2,NA,NA,NA,3,NA,3,NA,NA,1,0
10,9,2018-09-24,NA,NA,NA,NA,NA,NA,6,NA,NA,NA,0
10,9,2018-10-01,2,NA,NA,NA,NA,NA,2,2,NA,NA,0
10,9,2018-10-08,2,NA,NA,NA,NA,NA,NA,NA,NA,NA,0
10,9,2018-10-15,2,NA,NA,NA,NA,NA,3,NA,NA,NA,0
10,9,2018-10-22,2,NA,NA,NA,NA,NA,2,NA,NA,NA,0
10,9,2018-10-29,1,NA,NA,NA,NA,NA,1,NA,NA,NA,0
10,9,2018-11-05,NA,NA,NA,NA,NA,NA,2,NA,NA,NA,0
10,9,2018-11-12,2,NA,NA,NA,NA,NA,3,NA,NA,2,0
2,9,2018-05-21,3,1,NA,NA,1,4,6,NA,NA,7,0
2,9,2018-05-29,4,1,NA,NA,NA,NA,8,6,NA,14,0
2,9,2018-06-04,4,NA,NA,NA,NA,NA,29,NA,NA,7,0
2,9,2018-06-11,2,NA,NA,NA,NA,1,27,NA,NA,5,0
2,9,2018-06-18,3,NA,NA,NA,1,2,27,NA,NA,4,0
2,9,2018-06-25,1,NA,1,NA,NA,1,27,NA,NA,62,0
2,9,2018-07-02,25,NA,NA,NA,NA,2,10,NA,NA,12,0
2,9,2018-07-09,8,2,NA,NA,1,3,30,NA,NA,33,0
2,9,2018-07-16,NA,2,2,NA,1,NA,46,NA,NA,20,0
2,9,2018-07-23,5,3,NA,NA,2,NA,9,NA,NA,12,0
2,9,2018-07-30,NA,NA,NA,NA,4,1,13,1,NA,NA,0
2,9,2018-08-06,8,NA,NA,NA,1,1,5,NA,NA,2,0
2,9,2018-08-13,4,NA,NA,NA,NA,1,11,NA,NA,1,0
2,9,2018-08-20,4,NA,NA,NA,13,1,15,NA,NA,2,0
2,9,2018-08-27,2,NA,NA,NA,1,NA,2,NA,NA,1,0
2,9,2018-09-04,4,NA,NA,NA,3,NA,7,NA,NA,NA,0
2,9,2018-09-10,5,NA,NA,NA,NA,NA,9,NA,NA,2,0
2,9,2018-09-17,2,NA,NA,NA,2,NA,6,NA,NA,NA,0
2,9,2018-09-24,1,NA,NA,NA,NA,NA,7,NA,NA,NA,0
2,9,2018-10-01,4,2,NA,NA,NA,1,5,2,NA,NA,0
2,9,2018-10-08,1,NA,NA,NA,NA,NA,1,NA,NA,NA,0
2,9,2018-10-15,3,1,NA,NA,NA,NA,5,NA,NA,NA,0
2,9,2018-10-22,3,NA,NA,NA,NA,NA,3,NA,NA,NA,0
2,9,2018-10-29,NA,NA,NA,NA,NA,NA,1,NA,NA,NA,0
2,9,2018-11-05,2,NA,NA,NA,NA,NA,2,NA,NA,NA,0
2,9,2018-11-12,3,NA,NA,NA,NA,NA,4,NA,NA,NA,0
3,9,2018-05-21,2,3,NA,NA,NA,NA,6,2,NA,NA,0
3,9,2018-05-29,4,5,NA,NA,NA,2,19,13,NA,13,0
3,9,2018-06-04,6,NA,1,NA,NA,1,40,NA,NA,16,0
3,9,2018-06-11,2,1,NA,NA,NA,2,70,NA,NA,7,0
3,9,2018-06-18,4,1,1,NA,NA,4,66,NA,NA,8,0
3,9,2018-06-25,6,6,NA,NA,1,1,30,NA,NA,48,0
3,9,2018-07-02,5,1,NA,NA,NA,3,14,NA,NA,12,0
3,9,2018-07-09,3,1,NA,NA,NA,3,30,NA,NA,33,0
3,9,2018-07-16,3,3,NA,NA,NA,1,29,NA,NA,17,0
3,9,2018-07-23,5,3,2,NA,NA,1,14,NA,NA,3,0
3,9,2018-07-30,NA,1,1,NA,2,NA,9,NA,NA,3,0
3,9,2018-08-06,8,NA,NA,NA,5,NA,7,NA,NA,NA,0
3,9,2018-08-13,1,NA,NA,NA,2,NA,8,NA,NA,NA,0
3,9,2018-08-20,NA,1,1,NA,3,3,10,NA,NA,NA,0
3,9,2018-08-27,2,1,1,NA,1,1,11,NA,NA,1,0
3,9,2018-09-04,7,NA,NA,NA,NA,NA,7,NA,NA,NA,0
3,9,2018-09-10,4,NA,1,NA,1,NA,NA,NA,NA,3,0
3,9,2018-09-17,NA,NA,NA,NA,NA,NA,1,NA,NA,NA,0
3,9,2018-09-24,2,NA,NA,NA,2,NA,7,NA,NA,1,0
3,9,2018-10-01,NA,NA,NA,NA,NA,NA,3,1,NA,NA,0
3,9,2018-10-08,2,NA,NA,NA,NA,1,4,NA,NA,NA,0
3,9,2018-10-15,3,NA,NA,NA,NA,NA,4,NA,NA,NA,0
3,9,2018-10-22,NA,NA,NA,NA,NA,NA,1,NA,NA,NA,0
3,9,2018-10-29,NA,NA,NA,NA,NA,NA,2,NA,NA,NA,0
3,9,2018-11-05,NA,NA,NA,NA,NA,NA,1,NA,NA,NA,0
3,9,2018-11-12,NA,NA,NA,NA,NA,NA,2,NA,NA,1,0
4,9,2018-05-21,4,1,NA,NA,NA,NA,13,2,NA,5,0
4,9,2018-05-29,1,3,NA,NA,NA,3,10,5,NA,11,0
4,9,2018-06-04,2,NA,1,NA,1,NA,33,NA,NA,7,0
4,9,2018-06-11,NA,3,NA,NA,1,NA,31,NA,NA,4,0
4,9,2018-06-18,3,2,NA,NA,NA,7,41,NA,NA,NA,0
4,9,2018-06-25,2,7,NA,NA,1,1,11,NA,NA,13,0
4,9,2018-07-02,2,NA,1,NA,NA,2,5,NA,NA,6,0
4,9,2018-07-09,3,NA,NA,NA,NA,NA,11,NA,NA,28,0
4,9,2018-07-16,NA,NA,NA,NA,3,1,23,NA,NA,6,0
4,9,2018-07-23,3,1,1,NA,1,NA,20,NA,NA,NA,0
4,9,2018-07-30,NA,2,NA,NA,NA,NA,6,NA,NA,NA,0
4,9,2018-08-06,5,NA,1,NA,4,NA,3,NA,NA,NA,0
4,9,2018-08-13,7,NA,NA,NA,2,2,3,NA,NA,NA,0
4,9,2018-08-20,2,NA,NA,NA,4,1,15,NA,NA,NA,0
4,9,2018-08-27,1,NA,NA,NA,NA,NA,9,NA,NA,NA,0
4,9,2018-09-04,NA,NA,NA,NA,1,NA,6,NA,NA,NA,0
4,9,2018-09-10,1,NA,NA,NA,NA,NA,4,NA,NA,NA,0
4,9,2018-09-17,NA,NA,NA,NA,NA,NA,5,NA,NA,1,0
4,9,2018-09-24,4,NA,NA,NA,3,1,2,NA,NA,NA,0
4,9,2018-10-01,2,NA,NA,NA,NA,NA,3,1,NA,NA,0
4,9,2018-10-08,3,1,NA,NA,NA,NA,7,NA,NA,NA,0
4,9,2018-10-15,4,NA,NA,NA,NA,NA,8,NA,NA,1,0
4,9,2018-10-22,1,NA,NA,NA,NA,NA,2,NA,NA,NA,0
4,9,2018-10-29,NA,NA,NA,NA,NA,NA,1,NA,NA,NA,0
4,9,2018-11-05,2,NA,NA,NA,NA,NA,4,NA,NA,NA,0
4,9,2018-11-12,1,NA,NA,NA,NA,NA,NA,NA,NA,NA,0
5,9,2018-05-21,4,1,NA,NA,NA,NA,8,2,NA,3,0
5,9,2018-05-29,11,6,NA,NA,NA,NA,51,4,NA,12,0
5,9,2018-06-04,4,NA,NA,NA,NA,1,27,NA,NA,NA,0
5,9,2018-06-11,NA,3,NA,NA,1,NA,13,NA,NA,4,0
5,9,2018-06-18,3,3,NA,NA,NA,4,45,NA,NA,36,0
5,9,2018-06-25,5,1,NA,NA,NA,3,27,NA,NA,14,0
5,9,2018-07-02,4,2,NA,NA,NA,NA,15,NA,NA,25,0
5,9,2018-07-09,1,7,1,NA,NA,NA,21,NA,NA,24,0
5,9,2018-07-16,2,1,1,NA,NA,1,16,NA,NA,34,0
5,9,2018-07-23,8,1,1,NA,2,NA,14,NA,NA,12,0
5,9,2018-07-30,1,NA,1,NA,11,NA,5,NA,NA,NA,0
5,9,2018-08-06,9,NA,NA,NA,1,NA,8,NA,NA,2,0
5,9,2018-08-13,3,NA,NA,NA,1,NA,7,NA,NA,NA,0
5,9,2018-08-20,1,3,NA,NA,1,NA,5,NA,NA,NA,0
5,9,2018-08-27,6,NA,1,NA,1,NA,4,NA,NA,NA,0
5,9,2018-09-04,3,1,1,NA,NA,NA,6,NA,NA,NA,0
5,9,2018-09-10,4,NA,1,NA,3,NA,10,NA,NA,1,0
5,9,2018-09-17,1,NA,2,NA,NA,NA,NA,NA,NA,1,0
5,9,2018-09-24,3,NA,NA,NA,NA,NA,2,NA,NA,NA,0
5,9,2018-10-01,8,3,NA,NA,NA,NA,5,3,NA,NA,0
5,9,2018-10-08,NA,NA,NA,NA,NA,NA,9,NA,NA,2,0
5,9,2018-10-15,5,NA,NA,NA,NA,NA,7,NA,NA,NA,0
5,9,2018-10-22,2,NA,NA,NA,NA,NA,1,NA,NA,NA,0
5,9,2018-10-29,NA,NA,NA,NA,NA,NA,1,NA,NA,NA,0
5,9,2018-11-05,3,NA,NA,NA,NA,NA,2,NA,NA,NA,0
5,9,2018-11-12,10,NA,NA,NA,NA,NA,NA,NA,NA,NA,0
6,9,2018-05-21,3,NA,NA,NA,NA,2,7,1,NA,3,0
6,9,2018-05-29,12,2,NA,NA,1,NA,13,4,NA,6,0
6,9,2018-06-04,14,NA,NA,NA,NA,2,67,NA,NA,12,0
6,9,2018-06-11,6,1,NA,NA,1,3,55,NA,NA,24,0
6,9,2018-06-18,3,3,1,NA,3,NA,56,NA,NA,34,0
6,9,2018-06-25,1,1,1,NA,NA,NA,5,NA,NA,4,0
6,9,2018-07-02,10,2,NA,NA,NA,NA,18,NA,NA,33,0
6,9,2018-07-09,1,2,NA,NA,4,NA,31,NA,NA,95,0
6,9,2018-07-16,1,NA,2,NA,NA,NA,11,NA,NA,7,0
6,9,2018-07-23,2,1,2,NA,4,1,13,NA,NA,5,0
6,9,2018-07-30,3,NA,NA,NA,12,1,10,NA,NA,3,0
6,9,2018-08-06,NA,NA,NA,NA,1,NA,1,NA,NA,NA,0
6,9,2018-08-13,1,1,NA,NA,16,2,5,NA,NA,2,0
6,9,2018-08-20,6,1,NA,NA,1,NA,13,NA,NA,NA,0
6,9,2018-08-27,5,NA,NA,NA,2,NA,5,NA,NA,2,0
6,9,2018-09-04,4,NA,NA,NA,1,NA,3,NA,NA,NA,0
6,9,2018-09-10,3,NA,NA,NA,NA,NA,12,NA,NA,2,0
6,9,2018-09-17,2,NA,NA,NA,NA,NA,4,NA,NA,3,0
6,9,2018-09-24,3,NA,NA,NA,NA,NA,1,NA,NA,1,0
6,9,2018-10-01,4,2,NA,NA,NA,NA,6,NA,NA,2,0
6,9,2018-10-08,1,NA,NA,NA,NA,NA,8,NA,NA,1,0
6,9,2018-10-15,3,NA,NA,NA,1,NA,9,NA,NA,NA,0
6,9,2018-10-22,1,NA,NA,NA,NA,NA,4,NA,NA,NA,0
6,9,2018-10-29,NA,NA,NA,NA,NA,NA,1,NA,NA,NA,0
6,9,2018-11-05,NA,NA,NA,NA,NA,NA,1,NA,NA,1,0
6,9,2018-11-12,0,NA,NA,NA,NA,NA,NA,NA,NA,NA,0
7,9,2018-05-21,2,NA,NA,NA,NA,NA,67,NA,NA,NA,0
7,9,2018-05-29,4,1,NA,NA,NA,3,35,6,NA,8,0
7,9,2018-06-04,13,1,NA,NA,NA,2,44,NA,NA,18,0
7,9,2018-06-11,3,1,NA,NA,NA,NA,14,NA,NA,3,0
7,9,2018-06-18,4,8,2,NA,3,NA,41,NA,NA,NA,0
7,9,2018-06-25,4,1,1,NA,NA,1,12,NA,NA,13,0
7,9,2018-07-02,6,NA,4,NA,NA,2,25,NA,NA,19,0
7,9,2018-07-09,2,NA,2,NA,NA,NA,42,NA,NA,45,0
7,9,2018-07-16,2,9,2,NA,NA,NA,21,NA,NA,16,0
7,9,2018-07-23,3,8,NA,NA,NA,NA,17,NA,NA,7,0
7,9,2018-07-30,1,NA,NA,NA,NA,NA,3,NA,NA,1,0
7,9,2018-08-06,3,NA,NA,NA,8,NA,9,NA,NA,2,0
7,9,2018-08-13,3,NA,NA,NA,4,2,5,NA,NA,NA,0
7,9,2018-08-20,2,NA,NA,NA,3,1,7,NA,NA,1,0
7,9,2018-08-27,2,NA,NA,NA,2,1,10,NA,NA,NA,0
7,9,2018-09-04,2,NA,1,NA,5,NA,9,NA,NA,NA,0
7,9,2018-09-10,1,NA,1,NA,1,NA,5,NA,NA,2,0
7,9,2018-09-17,1,NA,NA,NA,NA,NA,3,NA,NA,3,0
7,9,2018-09-24,1,NA,NA,NA,NA,NA,2,NA,NA,NA,0
7,9,2018-10-01,3,1,NA,NA,NA,NA,5,1,NA,NA,0
7,9,2018-10-08,NA,NA,NA,NA,NA,NA,7,NA,NA,NA,0
7,9,2018-10-15,3,NA,NA,NA,NA,NA,17,NA,NA,NA,0
7,9,2018-10-22,3,NA,NA,NA,NA,NA,4,NA,NA,NA,0
7,9,2018-10-29,NA,NA,NA,NA,NA,NA,0,NA,NA,NA,0
7,9,2018-11-05,2,NA,NA,NA,NA,NA,NA,NA,NA,NA,0
7,9,2018-11-12,1,NA,NA,NA,NA,NA,2,NA,NA,NA,0
8,9,2018-05-21,4,2,NA,NA,1,NA,29,NA,NA,2,0
8,9,2018-05-29,NA,NA,NA,NA,NA,NA,11,2,NA,3,0
8,9,2018-06-04,6,2,NA,NA,1,1,20,NA,NA,22,0
8,9,2018-06-11,4,2,NA,NA,NA,NA,77,NA,NA,8,0
8,9,2018-06-18,3,1,1,NA,NA,1,45,NA,NA,31,0
8,9,2018-06-25,6,1,NA,NA,NA,4,52,NA,NA,27,0
8,9,2018-07-02,4,NA,NA,NA,NA,NA,22,NA,NA,6,0
8,9,2018-07-09,NA,3,1,NA,NA,3,20,NA,NA,29,0
8,9,2018-07-16,3,5,NA,NA,2,NA,36,NA,NA,40,0
8,9,2018-07-23,3,1,NA,NA,5,NA,17,NA,NA,10,0
8,9,2018-07-30,1,NA,NA,NA,1,NA,2,NA,NA,1,0
8,9,2018-08-06,1,2,NA,NA,8,1,8,NA,NA,NA,0
8,9,2018-08-13,NA,NA,NA,NA,5,NA,2,NA,NA,NA,0
8,9,2018-08-20,NA,NA,NA,NA,NA,NA,9,NA,NA,2,0
8,9,2018-08-27,7,1,NA,NA,2,NA,13,NA,NA,1,0
8,9,2018-09-04,NA,NA,NA,NA,NA,NA,11,NA,NA,NA,0
8,9,2018-09-10,2,NA,NA,NA,9,1,5,NA,NA,NA,0
8,9,2018-09-17,2,NA,NA,NA,NA,NA,1,NA,NA,1,0
8,9,2018-09-24,NA,NA,NA,NA,NA,NA,2,NA,NA,NA,0
8,9,2018-10-01,NA,NA,NA,NA,NA,NA,5,2,NA,1,0
8,9,2018-10-08,4,NA,NA,NA,2,1,9,NA,NA,NA,0
8,9,2018-10-15,1,NA,NA,NA,NA,NA,9,NA,NA,2,0
8,9,2018-10-22,NA,NA,NA,NA,NA,NA,1,NA,NA,NA,0
8,9,2018-10-29,NA,NA,NA,NA,NA,NA,1,NA,NA,NA,0
8,9,2018-11-05,2,NA,NA,NA,NA,NA,2,NA,NA,NA,0
8,9,2018-11-12,3,NA,NA,NA,NA,NA,1,NA,NA,NA,0
9,9,2018-05-21,3,NA,NA,NA,1,1,17,2,NA,8,0
9,9,2018-05-29,2,3,NA,NA,NA,NA,47,10,NA,13,0
9,9,2018-06-04,3,4,NA,NA,NA,1,33,NA,NA,36,0
9,9,2018-06-11,2,NA,NA,NA,NA,1,35,NA,NA,4,0
9,9,2018-06-18,3,1,NA,NA,NA,NA,21,NA,NA,NA,0
9,9,2018-06-25,5,NA,1,NA,NA,2,26,NA,NA,17,0
9,9,2018-07-02,4,NA,NA,NA,NA,1,20,NA,NA,53,0
9,9,2018-07-09,NA,2,NA,NA,3,4,37,NA,NA,57,0
9,9,2018-07-16,2,11,NA,NA,2,3,46,NA,NA,39,0
9,9,2018-07-23,2,5,NA,NA,14,2,6,NA,NA,14,0
9,9,2018-07-30,1,NA,NA,NA,NA,2,5,NA,NA,1,0
9,9,2018-08-06,1,NA,NA,NA,4,NA,2,NA,NA,1,0
9,9,2018-08-13,4,NA,NA,NA,6,1,5,NA,NA,NA,0
9,9,2018-08-20,1,NA,NA,NA,1,NA,NA,NA,NA,NA,0
9,9,2018-08-27,2,1,1,NA,NA,NA,6,NA,NA,NA,0
9,9,2018-09-04,2,NA,NA,NA,1,NA,2,NA,NA,NA,0
9,9,2018-09-10,1,NA,NA,NA,4,NA,3,NA,NA,3,0
9,9,2018-09-17,1,NA,NA,NA,NA,NA,2,NA,NA,2,0
9,9,2018-09-24,NA,NA,NA,NA,NA,NA,5,NA,NA,NA,0
9,9,2018-10-01,2,NA,NA,NA,NA,NA,NA,NA,NA,NA,0
9,9,2018-10-08,NA,NA,NA,NA,NA,NA,13,NA,NA,2,0
9,9,2018-10-15,NA,NA,NA,NA,NA,NA,4,NA,NA,NA,0
9,9,2018-10-22,1,NA,NA,NA,NA,NA,3,NA,NA,NA,0
9,9,2018-10-29,NA,NA,NA,NA,NA,NA,1,NA,NA,NA,0
9,9,2018-11-05,NA,NA,NA,NA,NA,NA,1,NA,NA,NA,0
9,9,2018-11-12,NA,NA,NA,NA,NA,NA,1,NA,NA,NA,0
