side_or_trapnum,watershed,date,dipteran_large,terrestrial_large,caddisfly_large,mayfly_large,stonefly_large,other_large,dipteran_small,terrestrial_small,caddisfly_small,other_small
1,1,2018-05-14,NA,4,NA,NA,NA,NA,NA,NA,NA,NA
2,1,2018-05-14,NA,7,NA,NA,NA,NA,48,28,NA,NA
3,1,2018-05-14,NA,1,NA,NA,NA,NA,NA,NA,NA,NA
4,1,2018-05-14,NA,3,NA,NA,NA,NA,45,15,NA,NA
5,1,2018-05-14,1,3,NA,NA,NA,NA,NA,NA,NA,NA
6,1,2018-05-14,1,3,NA,NA,1,NA,NA,NA,NA,NA
7,1,2018-05-14,NA,2,NA,NA,NA,NA,54,34,NA,NA
8,1,2018-05-14,4,3,NA,NA,NA,NA,NA,NA,NA,NA
9,1,2018-05-14,2,3,1,NA,NA,NA,NA,NA,NA,NA
10,1,2018-05-14,NA,NA,NA,NA,NA,NA,47,15,NA,NA
1,1,2018-05-21,2,1,1,NA,NA,NA,85,4,NA,NA
2,1,2018-05-21,1,NA,1,NA,NA,NA,NA,NA,NA,NA
3,1,2018-05-21,NA,1,NA,NA,NA,NA,57,6,NA,NA
4,1,2018-05-21,3,NA,NA,NA,NA,NA,NA,NA,NA,NA
5,1,2018-05-21,2,3,NA,NA,NA,NA,NA,NA,NA,NA
6,1,2018-05-21,1,1,NA,NA,NA,NA,NA,NA,NA,NA
7,1,2018-05-21,1,4,NA,NA,2,NA,NA,NA,NA,NA
8,1,2018-05-21,1,6,NA,NA,NA,NA,NA,NA,NA,NA
9,1,2018-05-21,4,1,NA,NA,NA,NA,30,4,NA,NA
10,1,2018-05-21,2,3,NA,NA,NA,NA,34,10,NA,NA
1,1,2018-05-29,4,6,1,NA,1,NA,NA,NA,NA,NA
2,1,2018-05-29,NA,1,2,NA,2,NA,NA,NA,NA,NA
3,1,2018-05-29,4,5,NA,NA,2,NA,NA,NA,NA,NA
4,1,2018-05-29,2,NA,NA,NA,2,NA,25,2,NA,NA
5,1,2018-05-29,3,3,1,NA,NA,NA,70,3,NA,NA
6,1,2018-05-29,1,2,NA,NA,4,NA,44,5,NA,NA
7,1,2018-05-29,2,7,NA,NA,1,NA,NA,NA,NA,NA
8,1,2018-05-29,1,3,4,NA,1,NA,NA,NA,NA,NA
9,1,2018-05-29,NA,6,NA,NA,1,NA,41,5,NA,NA
10,1,2018-05-29,1,4,NA,NA,NA,NA,NA,NA,NA,NA
1,1,2018-06-04,1,1,NA,NA,NA,NA,NA,NA,NA,NA
2,1,2018-06-04,1,1,NA,NA,2,NA,14,5,NA,NA
3,1,2018-06-04,1,2,NA,NA,2,NA,NA,NA,NA,NA
4,1,2018-06-04,7,7,2,NA,NA,NA,37,6,NA,NA
5,1,2018-06-04,3,3,NA,NA,NA,NA,NA,NA,NA,NA
6,1,2018-06-04,NA,3,1,NA,1,NA,25,4,NA,NA
7,1,2018-06-04,1,2,NA,NA,2,NA,NA,NA,NA,NA
8,1,2018-06-04,2,2,NA,NA,1,NA,36,NA,NA,NA
9,1,2018-06-04,NA,2,3,NA,1,NA,NA,NA,NA,NA
10,1,2018-06-04,2,3,NA,NA,NA,NA,NA,NA,NA,NA
NA,1,2018-06-04,NA,NA,NA,NA,NA,NA,NA,NA,NA,NA
1,1,2018-06-11,NA,1,NA,NA,1,NA,NA,NA,NA,NA
2,1,2018-06-11,1,1,NA,NA,1,NA,NA,NA,NA,NA
3,1,2018-06-11,NA,NA,NA,NA,NA,NA,21,9,NA,NA
4,1,2018-06-11,2,3,NA,NA,NA,NA,NA,NA,NA,NA
5,1,2018-06-11,2,1,NA,NA,NA,NA,28,3,NA,NA
6,1,2018-06-11,3,4,NA,NA,NA,NA,43,11,NA,NA
7,1,2018-06-11,4,1,1,NA,NA,NA,28,8,NA,NA
8,1,2018-06-11,6,3,NA,NA,NA,NA,NA,NA,NA,NA
9,1,2018-06-11,2,3,NA,NA,NA,NA,NA,NA,NA,NA
10,1,2018-06-11,2,NA,NA,NA,NA,NA,NA,NA,NA,NA
1,1,2018-06-18,NA,4,NA,NA,1,NA,NA,NA,NA,NA
2,1,2018-06-18,1,14,NA,NA,1,NA,41,15,NA,NA
3,1,2018-06-18,2,10,1,NA,1,NA,NA,NA,NA,NA
4,1,2018-06-18,2,5,NA,NA,1,NA,24,17,NA,NA
5,1,2018-06-18,2,9,1,NA,2,NA,NA,NA,NA,NA
6,1,2018-06-18,3,6,NA,NA,2,NA,NA,NA,NA,NA
7,1,2018-06-18,NA,9,NA,NA,1,NA,NA,NA,NA,NA
8,1,2018-06-18,1,8,NA,NA,NA,NA,NA,NA,NA,NA
9,1,2018-06-18,1,5,NA,NA,2,NA,8,8,NA,NA
10,1,2018-06-18,1,3,NA,NA,1,NA,19,9,NA,NA
1,1,2018-06-25,NA,4,3,NA,NA,NA,8,15,NA,NA
2,1,2018-06-25,1,9,2,NA,4,NA,NA,NA,NA,NA
3,1,2018-06-25,3,7,1,NA,1,NA,NA,NA,NA,NA
4,1,2018-06-25,NA,2,1,NA,NA,NA,12,12,NA,NA
5,1,2018-06-25,2,8,NA,NA,1,NA,49,10,NA,NA
6,1,2018-06-25,2,7,3,NA,3,NA,NA,NA,NA,NA
7,1,2018-06-25,2,7,NA,NA,NA,NA,43,10,NA,NA
8,1,2018-06-25,NA,2,NA,NA,2,NA,47,8,NA,NA
9,1,2018-06-25,NA,4,NA,NA,NA,NA,NA,NA,NA,NA
10,1,2018-06-25,NA,3,NA,NA,NA,NA,NA,NA,NA,NA
1,1,2018-07-16,3,8,1,NA,NA,NA,18,NA,NA,NA
2,1,2018-07-16,NA,7,NA,NA,NA,NA,7,4,NA,NA
3,1,2018-07-16,2,5,NA,NA,NA,NA,NA,NA,NA,NA
4,1,2018-07-16,4,10,NA,NA,2,NA,NA,NA,NA,NA
5,1,2018-07-16,1,19,2,NA,NA,NA,6,20,NA,NA
6,1,2018-07-16,3,19,3,NA,NA,NA,NA,NA,NA,NA
7,1,2018-07-16,1,6,NA,NA,NA,NA,NA,NA,NA,NA
8,1,2018-07-16,NA,3,NA,NA,NA,NA,NA,NA,NA,NA
9,1,2018-07-16,3,25,NA,NA,1,NA,NA,NA,NA,NA
10,1,2018-07-16,1,2,NA,NA,NA,NA,8,1,NA,NA
1,1,2018-07-23,1,25,NA,NA,NA,NA,NA,NA,NA,NA
2,1,2018-07-23,1,10,NA,NA,NA,NA,8,2,NA,NA
3,1,2018-07-23,1,12,NA,NA,NA,NA,4,6,NA,NA
4,1,2018-07-23,NA,5,NA,NA,1,NA,NA,NA,NA,NA
5,1,2018-07-23,1,2,NA,NA,NA,NA,NA,NA,NA,NA
6,1,2018-07-23,1,15,NA,NA,NA,NA,NA,NA,NA,NA
7,1,2018-07-23,1,14,NA,NA,NA,NA,NA,NA,NA,NA
8,1,2018-07-23,1,17,NA,NA,1,NA,NA,NA,NA,NA
9,1,2018-07-23,2,13,NA,NA,NA,NA,12,3,NA,NA
10,1,2018-07-23,NA,5,NA,NA,NA,NA,14,10,NA,NA
3,1,2018-08-06,NA,NA,NA,NA,NA,NA,2,NA,NA,NA
4,1,2018-08-06,1,5,NA,NA,NA,NA,10,1,NA,NA
7,1,2018-08-06,NA,4,NA,NA,NA,NA,3,1,NA,NA
8,1,2018-08-06,NA,NA,NA,NA,NA,NA,8,NA,NA,NA
1,1,2018-08-06,NA,2,NA,NA,NA,NA,NA,NA,NA,NA
2,1,2018-08-06,2,1,NA,NA,NA,NA,NA,NA,NA,NA
5,1,2018-08-06,NA,2,NA,NA,NA,NA,NA,NA,NA,NA
6,1,2018-08-06,2,3,NA,NA,NA,NA,NA,NA,NA,NA
9,1,2018-08-06,NA,11,NA,NA,4,NA,NA,NA,NA,NA
10,1,2018-08-06,NA,5,NA,NA,NA,NA,NA,NA,NA,NA
2,1,2018-08-13,1,11,NA,NA,NA,NA,8,NA,NA,NA
5,1,2018-08-13,1,7,NA,NA,NA,NA,3,NA,NA,NA
6,1,2018-08-13,1,5,NA,NA,NA,NA,7,NA,NA,NA
8,1,2018-08-13,NA,6,NA,NA,NA,NA,3,NA,NA,NA
1,1,2018-08-13,1,3,NA,NA,1,NA,NA,NA,NA,NA
3,1,2018-08-13,NA,1,NA,NA,NA,NA,NA,NA,NA,NA
4,1,2018-08-13,1,4,NA,NA,NA,NA,NA,NA,NA,NA
7,1,2018-08-13,2,3,NA,NA,NA,NA,NA,NA,NA,NA
9,1,2018-08-13,3,1,NA,NA,NA,NA,NA,NA,NA,NA
10,1,2018-08-13,1,2,NA,NA,NA,NA,NA,NA,NA,NA
2,1,2018-08-20,NA,5,NA,NA,NA,NA,10,2,NA,NA
3,1,2018-08-20,NA,2,NA,NA,NA,NA,6,NA,NA,NA
8,1,2018-08-20,NA,2,NA,NA,NA,NA,10,2,NA,NA
9,1,2018-08-20,NA,2,NA,NA,NA,NA,2,NA,NA,NA
1,1,2018-08-20,NA,NA,NA,NA,NA,NA,NA,NA,NA,NA
4,1,2018-08-20,NA,3,NA,NA,NA,NA,NA,NA,NA,NA
5,1,2018-08-20,NA,2,NA,NA,NA,NA,NA,NA,NA,NA
6,1,2018-08-20,1,4,NA,NA,NA,NA,NA,NA,NA,NA
7,1,2018-08-20,NA,5,NA,NA,1,NA,NA,NA,NA,NA
10,1,2018-08-20,2,1,NA,NA,NA,NA,NA,NA,NA,NA
1,1,2018-09-04,2,2,NA,NA,1,NA,NA,NA,NA,NA
2,1,2018-09-04,1,4,NA,NA,NA,NA,NA,NA,NA,NA
3,1,2018-09-04,1,3,NA,NA,NA,NA,8,2,NA,NA
4,1,2018-09-04,1,NA,NA,NA,NA,NA,NA,NA,NA,NA
5,1,2018-09-04,NA,7,NA,NA,NA,NA,NA,NA,NA,NA
6,1,2018-09-04,1,4,NA,NA,NA,NA,9,NA,NA,NA
7,1,2018-09-04,NA,9,NA,NA,NA,NA,11,NA,NA,NA
8,1,2018-09-04,1,3,NA,NA,NA,NA,NA,NA,NA,NA
9,1,2018-09-04,NA,NA,NA,NA,NA,NA,6,NA,NA,NA
1,1,2018-09-10,NA,2,NA,NA,NA,NA,NA,NA,NA,NA
2,1,2018-09-10,1,1,NA,NA,NA,NA,2,NA,NA,NA
3,1,2018-09-10,1,1,NA,NA,NA,NA,NA,NA,NA,NA
4,1,2018-09-10,NA,NA,NA,NA,NA,NA,NA,NA,NA,NA
5,1,2018-09-10,2,NA,NA,NA,1,NA,3,NA,NA,NA
6,1,2018-09-10,NA,1,NA,NA,NA,NA,NA,NA,NA,NA
7,1,2018-09-10,NA,NA,NA,NA,NA,NA,4,1,NA,NA
8,1,2018-09-10,1,1,NA,NA,1,NA,NA,NA,NA,NA
9,1,2018-09-10,1,2,NA,NA,NA,NA,NA,NA,NA,NA
10,1,2018-09-10,NA,1,NA,NA,NA,NA,1,NA,NA,NA
1,1,2018-09-17,NA,NA,NA,NA,NA,NA,2,NA,NA,NA
2,1,2018-09-17,2,NA,NA,NA,NA,NA,NA,NA,NA,NA
3,1,2018-09-17,2,4,NA,NA,NA,NA,NA,NA,NA,NA
4,1,2018-09-17,2,NA,NA,NA,NA,NA,NA,NA,NA,NA
5,1,2018-09-17,NA,NA,NA,NA,NA,NA,2,NA,NA,NA
6,1,2018-09-17,NA,1,NA,NA,NA,NA,NA,NA,NA,NA
7,1,2018-09-17,NA,NA,NA,NA,NA,NA,5,5,NA,NA
8,1,2018-09-17,NA,NA,NA,NA,NA,NA,NA,NA,NA,NA
9,1,2018-09-17,NA,NA,NA,NA,NA,NA,5,2,NA,NA
10,1,2018-09-17,1,2,NA,NA,NA,NA,NA,NA,NA,NA
3,1,2018-09-24,5,3,NA,NA,NA,NA,5,NA,NA,NA
5,1,2018-09-24,1,NA,NA,NA,NA,NA,7,NA,NA,NA
7,1,2018-09-24,1,1,NA,NA,NA,NA,7,NA,NA,NA
9,1,2018-09-24,NA,NA,NA,NA,NA,NA,NA,NA,NA,NA
1,1,2018-09-24,1,NA,1,NA,NA,NA,NA,NA,NA,NA
2,1,2018-09-24,1,1,NA,NA,NA,NA,NA,NA,NA,NA
4,1,2018-09-24,NA,NA,NA,NA,NA,NA,NA,NA,NA,NA
6,1,2018-09-24,2,NA,NA,NA,NA,NA,NA,NA,NA,NA
8,1,2018-09-24,4,1,NA,NA,NA,NA,NA,NA,NA,NA
10,1,2018-09-24,NA,NA,NA,NA,NA,NA,NA,NA,NA,NA
1,1,2018-10-01,2,7,NA,NA,NA,NA,NA,NA,NA,NA
2,1,2018-10-01,3,2,NA,NA,NA,NA,NA,NA,NA,NA
3,1,2018-10-01,5,NA,NA,NA,NA,NA,6,NA,NA,NA
4,1,2018-10-01,4,1,NA,NA,NA,NA,NA,NA,NA,NA
5,1,2018-10-01,4,4,NA,NA,NA,NA,5,NA,NA,NA
6,1,2018-10-01,1,2,1,NA,NA,NA,NA,NA,NA,NA
7,1,2018-10-01,3,1,NA,NA,NA,NA,3,NA,NA,NA
8,1,2018-10-01,6,NA,NA,NA,NA,NA,NA,NA,NA,NA
9,1,2018-10-01,6,NA,NA,NA,NA,NA,8,2,NA,NA
10,1,2018-10-01,6,NA,NA,NA,NA,NA,NA,NA,NA,NA
1,1,2018-10-08,1,NA,NA,NA,NA,NA,NA,NA,NA,NA
2,1,2018-10-08,NA,1,NA,NA,NA,NA,NA,NA,NA,NA
3,1,2018-10-08,3,NA,NA,NA,NA,NA,NA,NA,NA,NA
4,1,2018-10-08,1,4,NA,NA,NA,NA,3,2,NA,NA
5,1,2018-10-08,1,NA,NA,NA,NA,NA,6,NA,NA,NA
6,1,2018-10-08,4,4,NA,NA,NA,NA,NA,NA,NA,NA
7,1,2018-10-08,7,3,NA,NA,NA,NA,NA,NA,NA,NA
8,1,2018-10-08,15,1,NA,NA,NA,NA,8,NA,NA,NA
9,1,2018-10-08,5,1,NA,NA,NA,NA,2,1,NA,NA
10,1,2018-10-08,6,NA,NA,NA,NA,NA,NA,NA,NA,NA
1,1,2018-10-15,6,1,NA,NA,NA,NA,NA,NA,NA,NA
2,1,2018-10-15,2,NA,NA,NA,NA,NA,NA,NA,NA,NA
3,1,2018-10-15,5,3,NA,NA,NA,NA,7,NA,NA,NA
4,1,2018-10-15,5,2,NA,NA,NA,NA,NA,NA,NA,NA
5,1,2018-10-15,15,2,NA,NA,NA,NA,NA,NA,NA,NA
6,1,2018-10-15,2,NA,NA,NA,NA,NA,4,1,NA,NA
7,1,2018-10-15,NA,2,NA,NA,NA,NA,NA,NA,NA,NA
8,1,2018-10-15,3,1,NA,NA,NA,NA,8,NA,NA,NA
9,1,2018-10-15,5,3,NA,NA,NA,NA,6,NA,NA,NA
10,1,2018-10-15,1,1,NA,NA,NA,NA,NA,NA,NA,NA
1,1,2018-10-22,1,1,NA,NA,NA,NA,NA,NA,NA,NA
2,1,2018-10-22,14,1,NA,NA,NA,NA,NA,NA,NA,NA
3,1,2018-10-22,3,NA,NA,NA,NA,NA,6,1,NA,NA
4,1,2018-10-22,6,2,NA,NA,NA,NA,6,NA,NA,NA
5,1,2018-10-22,3,NA,NA,NA,NA,NA,NA,NA,NA,NA
6,1,2018-10-22,3,4,NA,NA,NA,NA,5,3,NA,NA
7,1,2018-10-22,7,6,NA,NA,NA,NA,NA,NA,NA,NA
8,1,2018-10-22,11,NA,NA,NA,NA,NA,5,NA,NA,NA
9,1,2018-10-22,8,NA,NA,NA,NA,NA,NA,NA,NA,NA
10,1,2018-10-22,11,2,NA,NA,NA,NA,NA,NA,NA,NA
1,2,2018-05-14,NA,NA,NA,NA,NA,3,64,NA,NA,10
2,2,2018-05-14,NA,NA,NA,NA,NA,4,23,NA,NA,NA
3,2,2018-05-14,NA,NA,NA,NA,NA,NA,39,NA,NA,NA
4,2,2018-05-14,1,NA,NA,NA,NA,2,48,NA,NA,5
5,2,2018-05-14,NA,NA,NA,NA,NA,NA,79,NA,NA,11
6,2,2018-05-14,NA,NA,NA,NA,NA,NA,42,NA,NA,10
7,2,2018-05-14,NA,NA,NA,NA,NA,NA,43,NA,NA,NA
8,2,2018-05-14,NA,NA,NA,NA,NA,2,36,NA,NA,6
9,2,2018-05-14,1,NA,NA,NA,NA,1,16,NA,NA,2
10,2,2018-05-14,1,NA,NA,NA,NA,2,15,NA,NA,3
1,2,2018-05-21,1,NA,NA,NA,NA,2,79,NA,NA,1
2,2,2018-05-21,NA,NA,NA,NA,NA,2,124,NA,NA,8
3,2,2018-05-21,NA,NA,NA,NA,NA,1,69,NA,NA,6
4,2,2018-05-21,2,NA,NA,NA,NA,2,29,NA,NA,4
5,2,2018-05-21,NA,NA,NA,NA,2,NA,42,NA,NA,3
6,2,2018-05-21,NA,1,NA,NA,NA,1,54,1,NA,5
7,2,2018-05-21,2,NA,NA,NA,NA,3,86,NA,NA,4
8,2,2018-05-21,NA,NA,NA,NA,NA,1,32,NA,NA,1
9,2,2018-05-21,NA,1,NA,NA,NA,2,74,NA,NA,1
10,2,2018-05-21,13,NA,NA,NA,NA,NA,45,NA,NA,7
1,2,2018-05-29,NA,3,NA,NA,1,NA,112,NA,NA,1
2,2,2018-05-29,NA,1,1,NA,2,4,143,NA,NA,NA
3,2,2018-05-29,NA,NA,NA,NA,1,4,107,1,NA,NA
4,2,2018-05-29,1,NA,NA,NA,2,1,83,NA,NA,3
5,2,2018-05-29,NA,4,NA,NA,1,2,36,NA,NA,6
6,2,2018-05-29,1,NA,NA,NA,1,1,49,NA,NA,NA
7,2,2018-05-29,NA,2,NA,NA,NA,3,83,1,NA,4
8,2,2018-05-29,NA,NA,NA,NA,NA,7,112,NA,NA,6
9,2,2018-05-29,NA,NA,NA,NA,NA,7,101,NA,NA,NA
10,2,2018-05-29,NA,NA,NA,NA,1,2,NA,4,NA,4
1,2,2018-06-04,2,1,NA,NA,3,3,26,NA,NA,1
2,2,2018-06-04,1,1,NA,NA,5,1,67,NA,NA,12
3,2,2018-06-04,1,1,1,NA,2,4,94,NA,NA,4
4,2,2018-06-04,1,3,NA,NA,1,4,86,NA,NA,2
5,2,2018-06-04,NA,NA,NA,NA,NA,NA,30,1,NA,2
6,2,2018-06-04,NA,NA,NA,NA,1,4,38,NA,NA,4
7,2,2018-06-04,NA,NA,NA,NA,3,1,42,1,NA,2
8,2,2018-06-04,NA,1,NA,NA,3,3,36,NA,NA,3
9,2,2018-06-04,NA,NA,NA,NA,2,1,30,NA,NA,4
10,2,2018-06-04,NA,NA,NA,NA,1,2,25,NA,NA,2
1,2,2018-06-11,2,1,NA,NA,NA,1,41,NA,NA,9
2,2,2018-06-11,3,2,NA,NA,NA,2,43,1,NA,14
3,2,2018-06-11,NA,1,NA,NA,NA,1,35,NA,NA,12
4,2,2018-06-11,1,1,NA,NA,NA,1,33,1,NA,9
5,2,2018-06-11,2,NA,NA,NA,NA,3,15,NA,NA,9
6,2,2018-06-11,2,1,NA,NA,1,2,35,NA,NA,NA
7,2,2018-06-11,NA,NA,NA,NA,NA,3,43,NA,NA,5
8,2,2018-06-11,4,NA,1,NA,NA,3,35,NA,NA,2
9,2,2018-06-11,1,NA,NA,NA,NA,1,23,NA,NA,4
10,2,2018-06-11,2,NA,NA,NA,1,NA,48,NA,NA,9
1,2,2018-06-18,NA,NA,NA,NA,NA,6,25,NA,NA,10
2,2,2018-06-18,4,NA,NA,NA,NA,5,36,NA,NA,11
3,2,2018-06-18,NA,2,3,NA,NA,3,48,NA,NA,15
4,2,2018-06-18,3,NA,NA,NA,NA,3,79,NA,NA,20
5,2,2018-06-18,3,1,NA,NA,NA,3,23,1,NA,20
6,2,2018-06-18,1,NA,1,NA,NA,NA,30,NA,NA,8
7,2,2018-06-18,3,NA,1,NA,2,4,41,2,NA,15
8,2,2018-06-18,3,NA,NA,NA,NA,5,50,5,NA,25
9,2,2018-06-18,2,NA,NA,NA,NA,5,28,NA,NA,9
10,2,2018-06-18,2,NA,1,NA,NA,11,34,NA,NA,24
1,2,2018-06-25,1,NA,NA,NA,NA,NA,36,NA,NA,18
2,2,2018-06-25,3,1,NA,NA,NA,NA,50,NA,NA,14
3,2,2018-06-25,2,1,NA,NA,1,2,37,NA,NA,5
4,2,2018-06-25,NA,NA,NA,NA,1,3,57,1,NA,7
5,2,2018-06-25,2,2,NA,NA,NA,2,50,NA,NA,6
6,2,2018-06-25,1,NA,NA,NA,1,NA,37,NA,NA,2
7,2,2018-06-25,1,NA,NA,NA,1,2,26,NA,NA,13
8,2,2018-06-25,1,NA,NA,NA,NA,3,73,NA,NA,27
9,2,2018-06-25,3,NA,NA,NA,NA,1,59,NA,NA,6
10,2,2018-06-25,2,NA,NA,NA,NA,1,51,NA,NA,6
1,2,2018-07-09,NA,NA,NA,NA,NA,NA,NA,NA,NA,NA
2,2,2018-07-09,NA,NA,NA,NA,NA,NA,NA,NA,NA,NA
3,2,2018-07-09,NA,NA,NA,NA,NA,NA,NA,NA,NA,NA
4,2,2018-07-09,NA,NA,NA,NA,NA,NA,NA,NA,NA,NA
5,2,2018-07-09,NA,NA,NA,NA,NA,NA,NA,NA,NA,NA
6,2,2018-07-09,NA,NA,NA,NA,NA,NA,NA,NA,NA,NA
7,2,2018-07-09,NA,NA,NA,NA,NA,NA,NA,NA,NA,NA
8,2,2018-07-09,NA,NA,NA,NA,NA,NA,NA,NA,NA,NA
9,2,2018-07-09,NA,NA,NA,NA,NA,NA,NA,NA,NA,NA
10,2,2018-07-09,NA,NA,NA,NA,NA,NA,NA,NA,NA,NA
1,2,2018-07-16,NA,NA,NA,NA,NA,NA,NA,NA,NA,NA
2,2,2018-07-16,NA,NA,NA,NA,NA,NA,NA,NA,NA,NA
3,2,2018-07-16,NA,NA,NA,NA,NA,NA,NA,NA,NA,NA
4,2,2018-07-16,NA,NA,NA,NA,NA,NA,NA,NA,NA,NA
5,2,2018-07-16,NA,NA,NA,NA,NA,NA,NA,NA,NA,NA
6,2,2018-07-16,NA,NA,NA,NA,NA,NA,NA,NA,NA,NA
7,2,2018-07-16,NA,NA,NA,NA,NA,NA,NA,NA,NA,NA
8,2,2018-07-16,NA,NA,NA,NA,NA,NA,NA,NA,NA,NA
9,2,2018-07-16,NA,NA,NA,NA,NA,NA,NA,NA,NA,NA
10,2,2018-07-16,NA,NA,NA,NA,NA,NA,NA,NA,NA,NA
1,2,2018-07-23,NA,NA,NA,NA,NA,NA,NA,NA,NA,NA
2,2,2018-07-23,NA,NA,NA,NA,NA,NA,NA,NA,NA,NA
3,2,2018-07-23,NA,NA,NA,NA,NA,NA,NA,NA,NA,NA
4,2,2018-07-23,NA,NA,NA,NA,NA,NA,NA,NA,NA,NA
5,2,2018-07-23,NA,NA,NA,NA,NA,NA,NA,NA,NA,NA
6,2,2018-07-23,NA,NA,NA,NA,NA,NA,NA,NA,NA,NA
7,2,2018-07-23,NA,NA,NA,NA,NA,NA,NA,NA,NA,NA
8,2,2018-07-23,NA,NA,NA,NA,NA,NA,NA,NA,NA,NA
9,2,2018-07-23,NA,NA,NA,NA,NA,NA,NA,NA,NA,NA
10,2,2018-07-23,NA,NA,NA,NA,NA,NA,NA,NA,NA,NA
1,2,2018-07-30,NA,NA,NA,NA,NA,NA,NA,NA,NA,NA
2,2,2018-07-30,NA,NA,NA,NA,NA,NA,NA,NA,NA,NA
3,2,2018-07-30,NA,NA,NA,NA,NA,NA,NA,NA,NA,NA
4,2,2018-07-30,NA,NA,NA,NA,NA,NA,NA,NA,NA,NA
5,2,2018-07-30,NA,NA,NA,NA,NA,NA,NA,NA,NA,NA
6,2,2018-07-30,NA,NA,NA,NA,NA,NA,NA,NA,NA,NA
7,2,2018-07-30,NA,NA,NA,NA,NA,NA,NA,NA,NA,NA
8,2,2018-07-30,NA,NA,NA,NA,NA,NA,NA,NA,NA,NA
9,2,2018-07-30,NA,NA,NA,NA,NA,NA,NA,NA,NA,NA
10,2,2018-07-30,NA,NA,NA,NA,NA,NA,NA,NA,NA,NA
1,2,2018-08-06,1,NA,NA,NA,NA,NA,2,NA,NA,NA
2,2,2018-08-06,1,2,NA,NA,NA,NA,5,4,NA,9
3,2,2018-08-06,NA,1,NA,NA,1,NA,5,2,NA,4
4,2,2018-08-06,3,NA,NA,NA,2,3,13,NA,NA,10
5,2,2018-08-06,1,NA,NA,NA,2,1,7,3,NA,5
6,2,2018-08-06,3,1,NA,NA,5,1,11,NA,NA,3
7,2,2018-08-06,NA,NA,NA,NA,NA,NA,NA,NA,NA,NA
8,2,2018-08-06,NA,NA,NA,NA,NA,NA,NA,NA,NA,NA
9,2,2018-08-06,NA,NA,NA,NA,NA,NA,NA,NA,NA,NA
10,2,2018-08-06,NA,NA,NA,NA,NA,NA,NA,NA,NA,NA
1,2,2018-08-13,2,1,NA,NA,2,2,21,NA,NA,7
2,2,2018-08-13,4,NA,NA,NA,NA,2,32,NA,NA,19
3,2,2018-08-13,1,2,NA,NA,2,2,5,2,NA,10
4,2,2018-08-13,NA,NA,NA,NA,4,1,19,1,NA,NA
5,2,2018-08-13,4,NA,NA,NA,4,9,20,NA,NA,5
6,2,2018-08-13,NA,NA,NA,NA,4,3,21,NA,NA,8
7,2,2018-08-13,NA,NA,NA,NA,NA,3,12,NA,NA,4
8,2,2018-08-13,1,NA,NA,NA,3,5,28,NA,NA,4
9,2,2018-08-13,NA,NA,NA,NA,NA,1,14,NA,NA,7
10,2,2018-08-13,4,3,NA,NA,NA,4,26,NA,NA,5
1,2,2018-08-20,3,1,NA,NA,NA,1,16,NA,NA,4
2,2,2018-08-20,NA,2,NA,NA,4,1,18,4,NA,7
3,2,2018-08-20,1,1,1,NA,4,2,18,2,NA,3
4,2,2018-08-20,1,NA,NA,NA,4,1,16,NA,NA,8
5,2,2018-08-20,2,1,NA,NA,2,NA,23,2,NA,2
6,2,2018-08-20,1,NA,NA,NA,1,1,18,1,NA,6
7,2,2018-08-20,NA,NA,NA,NA,NA,NA,12,3,NA,NA
8,2,2018-08-20,2,NA,NA,NA,2,2,14,1,NA,4
9,2,2018-08-20,1,NA,NA,NA,2,NA,10,1,NA,9
10,2,2018-08-20,2,1,NA,NA,NA,2,18,3,NA,4
1,2,2018-08-27,NA,NA,NA,NA,NA,NA,NA,NA,NA,NA
2,2,2018-08-27,NA,NA,NA,NA,NA,NA,NA,NA,NA,NA
3,2,2018-08-27,NA,NA,NA,NA,NA,NA,NA,NA,NA,NA
4,2,2018-08-27,NA,NA,NA,NA,NA,NA,NA,NA,NA,NA
5,2,2018-08-27,NA,NA,NA,NA,NA,NA,NA,NA,NA,NA
6,2,2018-08-27,NA,NA,NA,NA,NA,NA,NA,NA,NA,NA
7,2,2018-08-27,NA,NA,NA,NA,NA,NA,NA,NA,NA,NA
8,2,2018-08-27,NA,NA,NA,NA,NA,NA,NA,NA,NA,NA
9,2,2018-08-27,NA,NA,NA,NA,NA,NA,NA,NA,NA,NA
10,2,2018-08-27,NA,NA,NA,NA,NA,NA,NA,NA,NA,NA
1,2,2018-09-04,2,1,NA,NA,NA,3,2,3,NA,5
2,2,2018-09-04,2,3,NA,NA,NA,3,6,1,NA,3
3,2,2018-09-04,5,3,NA,NA,NA,NA,16,1,NA,10
4,2,2018-09-04,2,2,NA,NA,1,1,10,2,NA,4
5,2,2018-09-04,NA,NA,NA,NA,NA,1,4,3,NA,NA
6,2,2018-09-04,2,1,NA,NA,NA,1,8,6,NA,4
7,2,2018-09-04,NA,NA,NA,NA,NA,NA,2,5,NA,NA
8,2,2018-09-04,2,NA,NA,NA,NA,1,3,NA,NA,NA
9,2,2018-09-04,2,NA,NA,NA,NA,NA,6,4,NA,6
10,2,2018-09-04,1,2,NA,NA,NA,1,9,3,NA,NA
1,2,2018-09-10,NA,1,NA,NA,NA,NA,4,NA,NA,9
2,2,2018-09-10,NA,NA,NA,NA,NA,NA,3,1,NA,NA
3,2,2018-09-10,NA,NA,NA,NA,NA,NA,9,NA,NA,5
4,2,2018-09-10,1,NA,NA,NA,NA,NA,2,NA,NA,NA
5,2,2018-09-10,NA,1,NA,NA,1,NA,NA,NA,NA,NA
6,2,2018-09-10,1,1,NA,NA,NA,NA,7,NA,NA,3
7,2,2018-09-10,1,NA,NA,NA,NA,NA,14,1,NA,NA
8,2,2018-09-10,1,NA,NA,NA,1,2,6,2,NA,NA
9,2,2018-09-10,1,NA,NA,NA,NA,NA,6,1,NA,6
10,2,2018-09-10,NA,1,NA,NA,NA,NA,4,2,NA,7
1,2,2018-09-17,NA,2,NA,NA,NA,1,NA,1,NA,3
2,2,2018-09-17,2,NA,NA,NA,NA,NA,NA,NA,NA,NA
3,2,2018-09-17,1,NA,NA,NA,NA,NA,4,1,NA,NA
4,2,2018-09-17,2,NA,NA,NA,NA,NA,NA,2,NA,NA
5,2,2018-09-17,3,NA,NA,NA,NA,NA,4,6,NA,NA
6,2,2018-09-17,4,NA,NA,NA,NA,1,10,1,NA,4
7,2,2018-09-17,1,NA,NA,NA,NA,NA,2,1,NA,4
8,2,2018-09-17,2,NA,NA,NA,NA,NA,6,2,NA,3
9,2,2018-09-17,1,NA,NA,NA,NA,1,18,3,NA,1
10,2,2018-09-17,5,NA,NA,NA,NA,NA,7,5,NA,1
1,2,2018-09-24,NA,NA,NA,NA,NA,NA,3,NA,NA,NA
2,2,2018-09-24,5,1,NA,NA,NA,NA,4,5,NA,6
3,2,2018-09-24,4,NA,NA,NA,NA,NA,15,7,NA,13
4,2,2018-09-24,1,1,NA,NA,NA,NA,15,1,NA,4
5,2,2018-09-24,NA,NA,NA,NA,NA,1,12,1,NA,4
6,2,2018-09-24,NA,NA,NA,NA,NA,NA,5,2,NA,2
7,2,2018-09-24,3,NA,NA,NA,NA,NA,5,2,NA,3
8,2,2018-09-24,1,NA,NA,NA,NA,1,3,1,NA,3
9,2,2018-09-24,1,NA,NA,NA,NA,NA,14,2,NA,3
10,2,2018-09-24,5,NA,NA,NA,NA,1,8,4,NA,NA
1,2,2018-10-01,6,2,NA,NA,NA,NA,4,NA,NA,1
2,2,2018-10-01,4,NA,NA,NA,NA,NA,11,3,NA,5
3,2,2018-10-01,4,NA,NA,NA,NA,NA,10,2,NA,5
4,2,2018-10-01,3,1,NA,NA,NA,NA,9,2,NA,4
5,2,2018-10-01,NA,NA,NA,NA,NA,NA,3,4,NA,5
6,2,2018-10-01,1,1,NA,NA,NA,NA,4,2,NA,4
7,2,2018-10-01,3,NA,NA,NA,NA,NA,9,2,NA,1
8,2,2018-10-01,NA,NA,NA,NA,NA,NA,5,2,NA,7
9,2,2018-10-01,6,1,NA,NA,NA,1,9,NA,NA,4
10,2,2018-10-01,4,NA,NA,NA,NA,NA,7,2,NA,9
1,2,2018-10-08,2,NA,NA,NA,NA,1,2,NA,NA,3
2,2,2018-10-08,1,NA,NA,NA,NA,NA,4,3,NA,4
3,2,2018-10-08,3,NA,NA,NA,NA,NA,4,1,NA,2
4,2,2018-10-08,2,NA,NA,NA,NA,NA,3,1,NA,5
5,2,2018-10-08,4,NA,NA,NA,NA,2,12,NA,NA,6
6,2,2018-10-08,3,1,NA,NA,NA,1,19,NA,NA,11
7,2,2018-10-08,3,NA,NA,NA,NA,NA,17,1,NA,6
8,2,2018-10-08,5,NA,NA,NA,NA,1,10,NA,NA,3
9,2,2018-10-08,NA,NA,NA,NA,NA,NA,11,NA,NA,5
10,2,2018-10-08,3,NA,NA,NA,NA,NA,8,NA,NA,11
1,2,2018-10-15,7,1,NA,NA,NA,1,17,NA,NA,9
2,2,2018-10-15,2,NA,NA,NA,NA,NA,10,1,NA,9
3,2,2018-10-15,1,1,NA,NA,NA,NA,11,6,NA,8
4,2,2018-10-15,3,NA,NA,NA,NA,NA,16,5,NA,9
5,2,2018-10-15,5,NA,NA,NA,NA,NA,13,NA,NA,5
6,2,2018-10-15,10,NA,NA,NA,NA,NA,15,NA,NA,4
7,2,2018-10-15,6,NA,NA,NA,NA,NA,16,1,NA,5
8,2,2018-10-15,6,NA,NA,NA,NA,NA,11,NA,NA,12
9,2,2018-10-15,5,NA,NA,NA,NA,NA,11,2,NA,18
10,2,2018-10-15,2,NA,NA,NA,NA,NA,10,NA,NA,3
1,2,2018-10-22,2,NA,NA,NA,NA,NA,5,NA,NA,1
2,2,2018-10-22,2,NA,NA,NA,NA,1,4,NA,NA,2
3,2,2018-10-22,1,NA,NA,NA,NA,NA,19,NA,NA,4
4,2,2018-10-22,1,NA,NA,NA,NA,NA,18,NA,NA,3
5,2,2018-10-22,4,NA,NA,NA,1,1,7,NA,NA,1
6,2,2018-10-22,NA,NA,NA,NA,NA,NA,6,NA,NA,1
7,2,2018-10-22,2,1,NA,NA,NA,NA,9,1,NA,NA
8,2,2018-10-22,3,NA,NA,NA,NA,1,2,NA,NA,5
9,2,2018-10-22,2,NA,NA,NA,NA,NA,4,NA,NA,2
10,2,2018-10-22,1,NA,NA,NA,NA,NA,8,NA,NA,NA
1,2,2018-10-29,1,NA,NA,NA,NA,NA,1,1,NA,1
2,2,2018-10-29,2,NA,NA,NA,NA,NA,1,1,NA,NA
3,2,2018-10-29,1,NA,NA,NA,NA,NA,2,NA,NA,NA
4,2,2018-10-29,8,NA,NA,NA,NA,NA,4,NA,NA,NA
5,2,2018-10-29,2,NA,NA,NA,NA,NA,2,NA,NA,NA
6,2,2018-10-29,NA,NA,NA,NA,NA,NA,1,NA,NA,NA
7,2,2018-10-29,NA,NA,NA,NA,NA,NA,NA,NA,NA,NA
8,2,2018-10-29,NA,NA,NA,NA,NA,NA,NA,NA,NA,NA
9,2,2018-10-29,NA,NA,NA,NA,NA,NA,NA,NA,NA,NA
10,2,2018-10-29,NA,NA,NA,NA,NA,NA,NA,NA,NA,NA
1,2,2018-11-05,2,NA,NA,NA,NA,NA,12,1,NA,2
2,2,2018-11-05,2,NA,NA,NA,NA,NA,9,NA,NA,NA
3,2,2018-11-05,NA,NA,NA,NA,NA,NA,6,NA,NA,NA
4,2,2018-11-05,NA,NA,NA,NA,NA,NA,8,2,NA,NA
5,2,2018-11-05,2,NA,NA,NA,1,NA,7,NA,NA,NA
6,2,2018-11-05,4,NA,NA,NA,NA,NA,19,NA,NA,NA
7,2,2018-11-05,4,NA,NA,NA,NA,NA,10,NA,NA,NA
8,2,2018-11-05,4,NA,NA,NA,NA,NA,15,NA,NA,NA
9,2,2018-11-05,4,NA,NA,NA,NA,NA,7,NA,NA,1
10,2,2018-11-05,2,NA,NA,NA,NA,NA,6,NA,NA,NA
1,2,2018-11-12,19,NA,NA,NA,NA,NA,10,2,NA,NA
2,2,2018-11-12,23,NA,NA,NA,NA,NA,27,NA,NA,2
3,2,2018-11-12,9,NA,NA,NA,NA,NA,8,NA,NA,NA
4,2,2018-11-12,3,NA,NA,NA,NA,NA,5,NA,NA,1
5,2,2018-11-12,2,1,NA,NA,NA,NA,11,NA,NA,1
6,2,2018-11-12,3,1,NA,NA,NA,NA,9,NA,NA,1
7,2,2018-11-12,4,NA,NA,NA,NA,NA,8,NA,NA,1
8,2,2018-11-12,1,1,NA,NA,NA,NA,4,NA,NA,1
9,2,2018-11-12,2,NA,NA,NA,NA,NA,2,NA,NA,1
10,2,2018-11-12,2,NA,NA,NA,NA,NA,5,NA,NA,NA
1,3,2018-05-14,3,1,NA,NA,NA,1,90,NA,NA,5
2,3,2018-05-14,NA,1,NA,NA,NA,NA,53,NA,NA,2
3,3,2018-05-14,NA,1,NA,NA,NA,3,82,NA,NA,1
4,3,2018-05-14,1,NA,NA,NA,NA,2,24,NA,NA,5
5,3,2018-05-14,NA,NA,NA,NA,NA,NA,9,NA,NA,1
6,3,2018-05-14,NA,5,NA,NA,NA,2,20,NA,NA,1
7,3,2018-05-14,NA,NA,NA,NA,NA,NA,6,NA,NA,2
8,3,2018-05-14,5,7,NA,NA,NA,NA,127,NA,NA,10
9,3,2018-05-14,NA,2,NA,NA,NA,NA,50,NA,NA,6
10,3,2018-05-14,NA,NA,NA,NA,NA,2,135,NA,NA,6
1,3,2018-05-21,2,NA,NA,NA,NA,3,96,NA,NA,NA
2,3,2018-05-21,5,NA,NA,NA,NA,1,39,NA,NA,3
3,3,2018-05-21,2,NA,NA,NA,1,NA,16,NA,NA,2
4,3,2018-05-21,4,NA,NA,NA,NA,1,33,NA,NA,2
5,3,2018-05-21,2,NA,NA,NA,NA,3,46,NA,NA,6
6,3,2018-05-21,7,NA,NA,NA,NA,5,56,NA,NA,5
7,3,2018-05-21,NA,NA,NA,NA,NA,5,57,4,NA,11
8,3,2018-05-21,NA,NA,NA,NA,2,NA,54,5,NA,9
9,3,2018-05-21,NA,NA,NA,NA,NA,1,39,NA,NA,9
10,3,2018-05-21,1,NA,NA,NA,NA,3,58,NA,NA,11
1,3,2018-05-29,NA,NA,NA,NA,NA,9,100,2,NA,9
2,3,2018-05-29,NA,2,NA,NA,3,3,106,NA,NA,5
3,3,2018-05-29,2,NA,NA,NA,2,7,75,NA,NA,9
4,3,2018-05-29,NA,NA,NA,NA,NA,10,209,NA,NA,6
5,3,2018-05-29,NA,2,NA,NA,1,10,49,3,NA,NA
6,3,2018-05-29,1,1,NA,NA,NA,10,80,3,NA,5
7,3,2018-05-29,2,NA,2,NA,4,2,182,NA,NA,6
8,3,2018-05-29,1,3,NA,NA,1,9,97,NA,NA,NA
9,3,2018-05-29,NA,1,NA,NA,NA,5,49,NA,NA,7
10,3,2018-05-29,2,NA,NA,NA,1,4,112,NA,NA,22
1,3,2018-06-04,NA,NA,NA,NA,NA,NA,NA,NA,NA,NA
2,3,2018-06-04,NA,NA,NA,NA,NA,NA,NA,NA,NA,NA
3,3,2018-06-04,NA,NA,NA,NA,NA,NA,NA,NA,NA,NA
4,3,2018-06-04,NA,NA,NA,NA,NA,NA,NA,NA,NA,NA
5,3,2018-06-04,NA,NA,NA,NA,NA,NA,NA,NA,NA,NA
6,3,2018-06-04,NA,NA,NA,NA,NA,NA,NA,NA,NA,NA
7,3,2018-06-04,NA,NA,NA,NA,NA,NA,NA,NA,NA,NA
8,3,2018-06-04,NA,NA,NA,NA,NA,NA,NA,NA,NA,NA
9,3,2018-06-04,NA,NA,NA,NA,NA,NA,NA,NA,NA,NA
10,3,2018-06-04,NA,NA,NA,NA,NA,NA,NA,NA,NA,NA
1,3,2018-06-11,NA,NA,NA,NA,NA,NA,NA,NA,NA,NA
2,3,2018-06-11,NA,NA,NA,NA,NA,NA,NA,NA,NA,NA
3,3,2018-06-11,NA,NA,NA,NA,NA,NA,NA,NA,NA,NA
4,3,2018-06-11,NA,NA,NA,NA,NA,NA,NA,NA,NA,NA
5,3,2018-06-11,NA,NA,NA,NA,NA,NA,NA,NA,NA,NA
6,3,2018-06-11,NA,NA,NA,NA,NA,NA,NA,NA,NA,NA
7,3,2018-06-11,NA,NA,NA,NA,NA,NA,NA,NA,NA,NA
8,3,2018-06-11,NA,NA,NA,NA,NA,NA,NA,NA,NA,NA
9,3,2018-06-11,NA,NA,NA,NA,NA,NA,NA,NA,NA,NA
10,3,2018-06-11,NA,NA,NA,NA,NA,NA,NA,NA,NA,NA
1,3,2018-06-18,NA,NA,NA,NA,NA,NA,NA,NA,NA,NA
2,3,2018-06-18,NA,NA,NA,NA,NA,NA,NA,NA,NA,NA
3,3,2018-06-18,NA,NA,NA,NA,NA,NA,NA,NA,NA,NA
4,3,2018-06-18,NA,NA,NA,NA,NA,NA,NA,NA,NA,NA
5,3,2018-06-18,NA,NA,NA,NA,NA,NA,NA,NA,NA,NA
6,3,2018-06-18,NA,NA,NA,NA,NA,NA,NA,NA,NA,NA
7,3,2018-06-18,NA,NA,NA,NA,NA,NA,NA,NA,NA,NA
8,3,2018-06-18,NA,NA,NA,NA,NA,NA,NA,NA,NA,NA
9,3,2018-06-18,NA,NA,NA,NA,NA,NA,NA,NA,NA,NA
10,3,2018-06-18,NA,NA,NA,NA,NA,NA,NA,NA,NA,NA
1,3,2018-06-25,NA,NA,NA,NA,NA,NA,NA,NA,NA,NA
2,3,2018-06-25,NA,NA,NA,NA,NA,NA,NA,NA,NA,NA
3,3,2018-06-25,NA,NA,NA,NA,NA,NA,NA,NA,NA,NA
4,3,2018-06-25,NA,NA,NA,NA,NA,NA,NA,NA,NA,NA
5,3,2018-06-25,NA,NA,NA,NA,NA,NA,NA,NA,NA,NA
6,3,2018-06-25,NA,NA,NA,NA,NA,NA,NA,NA,NA,NA
7,3,2018-06-25,NA,NA,NA,NA,NA,NA,NA,NA,NA,NA
8,3,2018-06-25,NA,NA,NA,NA,NA,NA,NA,NA,NA,NA
9,3,2018-06-25,NA,NA,NA,NA,NA,NA,NA,NA,NA,NA
10,3,2018-06-25,NA,NA,NA,NA,NA,NA,NA,NA,NA,NA
1,3,2018-07-02,5,NA,8,NA,NA,3,37,NA,NA,7
2,3,2018-07-02,NA,NA,1,NA,1,NA,35,1,NA,3
3,3,2018-07-02,4,1,1,NA,2,2,49,NA,NA,6
4,3,2018-07-02,1,NA,3,1,NA,2,45,NA,NA,12
5,3,2018-07-02,2,NA,NA,NA,NA,5,34,NA,NA,14
6,3,2018-07-02,NA,NA,NA,NA,NA,NA,60,NA,NA,21
7,3,2018-07-02,4,3,NA,NA,NA,3,47,NA,NA,22
8,3,2018-07-02,NA,NA,1,NA,NA,2,35,NA,NA,9
9,3,2018-07-02,2,NA,NA,NA,NA,3,25,NA,NA,12
10,3,2018-07-02,4,NA,2,NA,5,1,52,NA,NA,20
1,3,2018-07-09,1,NA,2,NA,NA,3,24,1,NA,15
2,3,2018-07-09,4,NA,NA,NA,3,3,33,NA,NA,17
3,3,2018-07-09,NA,NA,NA,NA,1,5,46,NA,NA,13
4,3,2018-07-09,2,2,NA,NA,NA,7,70,NA,NA,NA
5,3,2018-07-09,1,1,NA,NA,NA,7,33,NA,NA,20
6,3,2018-07-09,3,3,1,NA,1,4,31,NA,NA,25
7,3,2018-07-09,NA,NA,4,NA,NA,3,36,2,NA,10
8,3,2018-07-09,NA,1,6,NA,2,5,36,NA,NA,36
9,3,2018-07-09,3,NA,6,NA,3,5,34,NA,NA,4
10,3,2018-07-09,5,2,7,NA,NA,9,33,1,NA,16
1,3,2018-07-16,4,NA,1,NA,NA,2,28,1,NA,8
2,3,2018-07-16,2,2,NA,NA,NA,3,41,NA,NA,22
3,3,2018-07-16,3,1,NA,NA,1,1,30,NA,NA,20
4,3,2018-07-16,2,2,5,NA,1,3,39,NA,NA,15
5,3,2018-07-16,1,NA,3,NA,1,3,22,1,NA,16
6,3,2018-07-16,5,4,NA,NA,NA,2,26,NA,NA,34
7,3,2018-07-16,1,NA,NA,NA,1,7,42,NA,NA,21
8,3,2018-07-16,NA,NA,1,NA,NA,4,30,NA,NA,25
9,3,2018-07-16,5,NA,NA,NA,NA,3,16,NA,NA,11
10,3,2018-07-16,9,NA,2,NA,2,4,25,NA,NA,19
1,3,2018-07-23,1,NA,NA,NA,NA,NA,4,NA,NA,12
2,3,2018-07-23,NA,NA,NA,NA,NA,NA,3,NA,NA,9
3,3,2018-07-23,4,NA,NA,NA,NA,1,NA,NA,NA,5
4,3,2018-07-23,NA,NA,NA,NA,NA,NA,5,NA,NA,9
5,3,2018-07-23,2,NA,NA,NA,NA,1,7,NA,NA,16
6,3,2018-07-23,4,NA,NA,NA,NA,NA,NA,NA,NA,8
7,3,2018-07-23,NA,NA,NA,NA,NA,2,7,NA,NA,24
8,3,2018-07-23,2,NA,NA,NA,NA,3,9,NA,NA,11
9,3,2018-07-23,NA,NA,NA,NA,NA,NA,NA,NA,NA,NA
10,3,2018-07-23,NA,NA,NA,NA,NA,NA,NA,NA,NA,NA
1,3,2018-07-30,5,NA,NA,NA,NA,2,15,NA,NA,2
2,3,2018-07-30,4,NA,NA,NA,NA,4,23,NA,NA,2
3,3,2018-07-30,5,NA,1,NA,1,3,15,NA,NA,NA
4,3,2018-07-30,3,2,NA,NA,2,NA,11,NA,NA,1
5,3,2018-07-30,5,NA,NA,NA,1,NA,12,NA,NA,1
6,3,2018-07-30,NA,NA,1,NA,2,1,12,NA,NA,1
7,3,2018-07-30,4,NA,NA,NA,NA,NA,18,NA,NA,5
8,3,2018-07-30,NA,1,NA,NA,NA,1,24,NA,NA,4
9,3,2018-07-30,1,NA,1,NA,3,2,6,NA,NA,4
10,3,2018-07-30,NA,NA,2,NA,5,1,8,NA,NA,NA
1,3,2018-08-06,NA,NA,1,NA,6,1,12,NA,NA,2
2,3,2018-08-06,NA,NA,1,NA,4,NA,9,NA,NA,2
3,3,2018-08-06,NA,NA,NA,NA,8,3,17,NA,NA,NA
4,3,2018-08-06,NA,NA,NA,NA,5,1,8,NA,NA,1
5,3,2018-08-06,NA,NA,NA,NA,NA,NA,NA,NA,NA,NA
6,3,2018-08-06,NA,NA,NA,NA,NA,NA,NA,NA,NA,NA
7,3,2018-08-06,NA,NA,NA,NA,NA,NA,NA,NA,NA,NA
8,3,2018-08-06,NA,NA,NA,NA,NA,NA,NA,NA,NA,NA
9,3,2018-08-06,NA,NA,NA,NA,NA,NA,NA,NA,NA,NA
10,3,2018-08-06,NA,NA,NA,NA,NA,NA,NA,NA,NA,NA
1,3,2018-08-13,NA,NA,NA,NA,NA,NA,NA,NA,NA,NA
2,3,2018-08-13,NA,NA,NA,NA,NA,NA,NA,NA,NA,NA
3,3,2018-08-13,NA,NA,NA,NA,NA,NA,NA,NA,NA,NA
4,3,2018-08-13,NA,NA,NA,NA,NA,NA,NA,NA,NA,NA
5,3,2018-08-13,NA,NA,NA,NA,NA,NA,NA,NA,NA,NA
6,3,2018-08-13,NA,NA,NA,NA,NA,NA,NA,NA,NA,NA
7,3,2018-08-13,NA,NA,NA,NA,NA,NA,NA,NA,NA,NA
8,3,2018-08-13,NA,NA,NA,NA,NA,NA,NA,NA,NA,NA
9,3,2018-08-13,NA,NA,NA,NA,NA,NA,NA,NA,NA,NA
10,3,2018-08-13,NA,NA,NA,NA,NA,NA,NA,NA,NA,NA
1,3,2018-08-20,NA,NA,NA,NA,NA,NA,NA,NA,NA,NA
2,3,2018-08-20,NA,NA,NA,NA,NA,NA,NA,NA,NA,NA
3,3,2018-08-20,NA,NA,NA,NA,NA,NA,NA,NA,NA,NA
4,3,2018-08-20,NA,NA,NA,NA,NA,NA,NA,NA,NA,NA
5,3,2018-08-20,NA,NA,NA,NA,NA,NA,NA,NA,NA,NA
6,3,2018-08-20,NA,NA,NA,NA,NA,NA,NA,NA,NA,NA
7,3,2018-08-20,NA,NA,NA,NA,NA,NA,NA,NA,NA,NA
8,3,2018-08-20,NA,NA,NA,NA,NA,NA,NA,NA,NA,NA
9,3,2018-08-20,NA,NA,NA,NA,NA,NA,NA,NA,NA,NA
10,3,2018-08-20,NA,NA,NA,NA,NA,NA,NA,NA,NA,NA
1,3,2018-08-27,2,1,NA,NA,1,NA,11,NA,NA,3
2,3,2018-08-27,1,NA,NA,NA,1,NA,9,NA,NA,5
3,3,2018-08-27,3,NA,NA,NA,1,1,19,1,NA,6
4,3,2018-08-27,2,NA,NA,NA,2,1,18,NA,NA,2
5,3,2018-08-27,NA,2,NA,NA,1,1,10,2,NA,2
6,3,2018-08-27,NA,NA,NA,NA,1,1,21,2,NA,NA
7,3,2018-08-27,3,NA,NA,NA,3,NA,14,NA,NA,2
8,3,2018-08-27,2,NA,NA,NA,2,NA,13,NA,NA,NA
9,3,2018-08-27,3,NA,NA,NA,NA,NA,17,NA,NA,1
10,3,2018-08-27,3,NA,1,NA,1,1,16,NA,NA,1
1,3,2018-09-04,2,NA,NA,NA,NA,NA,16,NA,NA,4
2,3,2018-09-04,2,2,NA,NA,NA,2,17,2,NA,11
3,3,2018-09-04,1,NA,1,NA,NA,2,16,1,NA,4
4,3,2018-09-04,1,NA,NA,NA,4,2,13,NA,NA,10
5,3,2018-09-04,4,1,NA,NA,NA,1,31,2,NA,24
6,3,2018-09-04,3,NA,NA,NA,1,2,18,1,NA,14
7,3,2018-09-04,2,4,NA,NA,NA,NA,13,NA,NA,9
8,3,2018-09-04,4,NA,NA,NA,NA,1,18,NA,NA,2
9,3,2018-09-04,1,NA,3,NA,2,2,13,NA,NA,1
10,3,2018-09-04,NA,1,NA,NA,NA,2,16,NA,NA,11
1,3,2018-09-10,2,NA,NA,NA,NA,2,14,NA,NA,9
2,3,2018-09-10,3,NA,NA,NA,2,NA,18,NA,NA,18
3,3,2018-09-10,4,NA,NA,NA,NA,1,13,1,NA,20
4,3,2018-09-10,5,1,1,NA,NA,3,22,NA,NA,23
5,3,2018-09-10,1,NA,NA,NA,NA,NA,16,NA,NA,5
6,3,2018-09-10,NA,NA,NA,NA,NA,1,11,1,NA,10
7,3,2018-09-10,1,2,NA,NA,NA,NA,24,NA,NA,8
8,3,2018-09-10,3,NA,NA,NA,NA,1,9,NA,NA,5
9,3,2018-09-10,NA,NA,NA,NA,1,NA,39,2,NA,13
10,3,2018-09-10,2,2,NA,NA,NA,2,16,3,NA,6
1,3,2018-09-17,NA,2,NA,NA,1,1,12,3,NA,7
2,3,2018-09-17,NA,NA,1,NA,NA,NA,18,NA,NA,5
3,3,2018-09-17,2,NA,NA,NA,NA,1,10,1,NA,1
4,3,2018-09-17,NA,NA,NA,NA,1,NA,9,NA,NA,6
5,3,2018-09-17,2,NA,NA,NA,NA,1,9,2,NA,3
6,3,2018-09-17,5,NA,NA,NA,NA,1,8,4,NA,2
7,3,2018-09-17,4,NA,NA,NA,NA,NA,23,7,NA,6
8,3,2018-09-17,2,1,NA,NA,NA,NA,18,2,NA,6
9,3,2018-09-17,NA,NA,1,NA,NA,NA,6,1,NA,6
10,3,2018-09-17,2,NA,NA,NA,1,NA,9,3,NA,10
1,3,2018-09-24,6,1,NA,NA,1,NA,28,NA,NA,2
2,3,2018-09-24,3,NA,NA,NA,NA,1,36,1,NA,5
3,3,2018-09-24,2,1,NA,NA,NA,1,26,NA,NA,4
4,3,2018-09-24,1,NA,NA,NA,NA,2,14,2,NA,6
5,3,2018-09-24,1,NA,NA,NA,NA,NA,37,2,NA,3
6,3,2018-09-24,3,NA,NA,NA,NA,NA,19,NA,NA,6
7,3,2018-09-24,NA,3,NA,NA,NA,NA,50,2,NA,7
8,3,2018-09-24,NA,1,1,NA,2,NA,45,NA,NA,4
9,3,2018-09-24,3,1,NA,NA,1,NA,14,2,NA,4
10,3,2018-09-24,3,NA,NA,NA,1,NA,30,2,NA,NA
1,3,2018-10-01,3,NA,NA,NA,NA,1,40,NA,NA,NA
2,3,2018-10-01,2,NA,NA,NA,NA,1,43,NA,NA,NA
3,3,2018-10-01,4,NA,NA,NA,NA,1,17,NA,NA,NA
4,3,2018-10-01,4,NA,NA,NA,NA,NA,19,NA,NA,2
5,3,2018-10-01,2,NA,NA,NA,NA,NA,31,NA,NA,4
6,3,2018-10-01,3,NA,NA,NA,NA,1,33,NA,NA,1
7,3,2018-10-01,2,1,NA,NA,NA,NA,31,NA,NA,1
8,3,2018-10-01,2,NA,NA,NA,NA,NA,35,NA,NA,1
9,3,2018-10-01,5,NA,NA,NA,NA,NA,40,NA,NA,NA
10,3,2018-10-01,5,NA,NA,NA,NA,NA,44,NA,NA,2
1,3,2018-10-08,1,NA,NA,NA,NA,NA,14,NA,NA,NA
2,3,2018-10-08,1,NA,NA,NA,NA,1,14,NA,NA,1
3,3,2018-10-08,NA,1,NA,NA,NA,NA,24,NA,NA,NA
4,3,2018-10-08,1,NA,NA,NA,NA,1,20,NA,NA,4
5,3,2018-10-08,2,NA,NA,NA,NA,NA,20,NA,NA,2
6,3,2018-10-08,4,NA,NA,NA,NA,1,19,NA,NA,NA
7,3,2018-10-08,1,NA,NA,NA,NA,NA,25,NA,NA,NA
8,3,2018-10-08,2,NA,NA,NA,NA,NA,26,NA,NA,1
9,3,2018-10-08,1,NA,NA,NA,NA,NA,24,NA,NA,1
10,3,2018-10-08,5,NA,NA,NA,NA,2,25,NA,NA,NA
1,3,2018-10-15,3,NA,NA,NA,NA,NA,24,NA,NA,NA
2,3,2018-10-15,NA,NA,NA,NA,NA,NA,14,NA,NA,NA
3,3,2018-10-15,3,NA,NA,NA,NA,NA,41,NA,NA,1
4,3,2018-10-15,1,NA,NA,NA,NA,NA,17,NA,NA,1
5,3,2018-10-15,3,NA,NA,NA,NA,NA,31,NA,NA,NA
6,3,2018-10-15,5,NA,NA,NA,NA,NA,37,NA,NA,NA
7,3,2018-10-15,2,NA,NA,NA,NA,NA,8,NA,NA,1
8,3,2018-10-15,2,NA,NA,NA,NA,NA,17,NA,NA,2
9,3,2018-10-15,1,NA,NA,NA,NA,NA,23,NA,NA,4
10,3,2018-10-15,2,NA,NA,NA,NA,NA,18,NA,NA,2
1,3,2018-10-22,1,NA,NA,NA,NA,NA,5,NA,NA,NA
2,3,2018-10-22,2,NA,NA,NA,NA,NA,4,NA,NA,NA
3,3,2018-10-22,1,NA,NA,NA,NA,NA,7,NA,NA,1
4,3,2018-10-22,1,1,NA,NA,NA,2,9,NA,NA,2
5,3,2018-10-22,17,1,NA,NA,NA,NA,10,NA,NA,1
6,3,2018-10-22,16,NA,NA,NA,1,NA,8,NA,NA,2
7,3,2018-10-22,5,1,NA,NA,NA,NA,4,NA,NA,NA
8,3,2018-10-22,1,NA,NA,NA,NA,NA,4,NA,NA,NA
9,3,2018-10-22,1,1,NA,NA,NA,NA,3,NA,NA,NA
10,3,2018-10-22,2,1,NA,NA,NA,NA,8,NA,NA,NA
1,3,2018-10-29,NA,NA,NA,NA,NA,NA,1,NA,NA,NA
2,3,2018-10-29,NA,NA,NA,NA,NA,NA,1,NA,NA,NA
3,3,2018-10-29,1,NA,NA,NA,NA,NA,3,NA,NA,NA
4,3,2018-10-29,2,NA,NA,NA,NA,NA,3,NA,NA,NA
5,3,2018-10-29,1,NA,NA,NA,NA,NA,1,NA,NA,NA
6,3,2018-10-29,NA,NA,NA,NA,NA,NA,1,NA,NA,1
7,3,2018-10-29,NA,NA,NA,NA,NA,NA,NA,NA,NA,NA
8,3,2018-10-29,NA,NA,NA,NA,NA,NA,1,NA,NA,NA
9,3,2018-10-29,1,NA,NA,NA,NA,NA,NA,NA,NA,2
10,3,2018-10-29,NA,1,NA,NA,NA,NA,3,NA,NA,NA
1,3,2018-11-05,2,NA,NA,NA,NA,NA,9,NA,NA,NA
2,3,2018-11-05,NA,NA,NA,NA,NA,NA,2,NA,NA,1
3,3,2018-11-05,NA,NA,NA,NA,NA,NA,3,NA,NA,NA
4,3,2018-11-05,2,NA,NA,NA,NA,NA,3,1,NA,NA
5,3,2018-11-05,2,NA,NA,NA,NA,NA,6,NA,NA,NA
6,3,2018-11-05,2,NA,NA,NA,NA,NA,6,1,NA,1
7,3,2018-11-05,NA,NA,NA,NA,NA,1,5,NA,NA,NA
8,3,2018-11-05,3,NA,NA,NA,NA,NA,5,1,NA,NA
9,3,2018-11-05,NA,NA,NA,NA,NA,NA,10,NA,NA,NA
10,3,2018-11-05,NA,NA,NA,NA,NA,NA,1,NA,NA,1
1,3,2018-11-12,2,NA,NA,NA,NA,NA,5,1,NA,NA
2,3,2018-11-12,1,NA,NA,NA,NA,NA,6,NA,NA,1
3,3,2018-11-12,2,NA,NA,NA,NA,NA,13,1,NA,NA
4,3,2018-11-12,NA,NA,NA,NA,NA,NA,17,2,NA,NA
5,3,2018-11-12,2,NA,NA,NA,NA,NA,1,NA,NA,1
6,3,2018-11-12,2,1,NA,NA,NA,NA,3,NA,NA,NA
7,3,2018-11-12,5,NA,NA,NA,NA,NA,26,NA,NA,NA
8,3,2018-11-12,1,NA,NA,NA,NA,NA,7,NA,NA,NA
9,3,2018-11-12,1,NA,NA,NA,NA,NA,2,NA,NA,NA
10,3,2018-11-12,NA,NA,NA,NA,NA,NA,2,NA,NA,1
1,6,2018-05-14,NA,NA,NA,NA,NA,NA,45,NA,NA,NA
2,6,2018-05-14,NA,NA,NA,NA,NA,2,44,NA,NA,4
3,6,2018-05-14,NA,2,NA,NA,NA,4,41,NA,NA,8
4,6,2018-05-14,NA,NA,NA,NA,NA,3,26,NA,NA,10
5,6,2018-05-14,3,NA,NA,NA,NA,NA,43,NA,NA,8
6,6,2018-05-14,4,NA,NA,NA,NA,3,207,NA,NA,10
7,6,2018-05-14,NA,NA,NA,NA,NA,NA,57,NA,NA,6
8,6,2018-05-14,NA,NA,NA,NA,NA,NA,65,NA,NA,13
9,6,2018-05-14,NA,NA,NA,NA,NA,NA,272,NA,NA,14
10,6,2018-05-14,NA,NA,NA,NA,NA,2,42,NA,NA,9
1,6,2018-05-21,4,NA,NA,NA,NA,2,73,NA,NA,NA
2,6,2018-05-21,NA,NA,NA,NA,NA,NA,26,NA,NA,1
3,6,2018-05-21,NA,NA,NA,NA,NA,NA,42,NA,NA,1
4,6,2018-05-21,NA,NA,NA,NA,NA,1,28,NA,NA,1
5,6,2018-05-21,NA,1,NA,NA,NA,1,18,NA,NA,NA
6,6,2018-05-21,3,NA,NA,NA,NA,2,NA,NA,NA,5
7,6,2018-05-21,NA,NA,NA,NA,1,3,73,NA,NA,1
8,6,2018-05-21,1,NA,NA,NA,NA,4,32,NA,NA,4
9,6,2018-05-21,1,NA,NA,NA,NA,1,30,NA,NA,6
10,6,2018-05-21,NA,NA,NA,NA,1,2,64,NA,NA,4
1,6,2018-05-29,NA,NA,NA,NA,1,2,56,NA,NA,6
2,6,2018-05-29,1,NA,NA,NA,1,2,74,NA,NA,NA
3,6,2018-05-29,2,NA,NA,NA,1,2,30,NA,NA,NA
4,6,2018-05-29,NA,NA,NA,NA,NA,2,35,NA,NA,2
5,6,2018-05-29,2,1,NA,NA,NA,2,65,NA,NA,1
6,6,2018-05-29,NA,NA,NA,NA,NA,1,30,NA,NA,4
7,6,2018-05-29,NA,NA,NA,NA,NA,3,76,NA,NA,7
8,6,2018-05-29,NA,NA,NA,NA,NA,NA,20,NA,NA,2
9,6,2018-05-29,1,NA,NA,NA,NA,4,57,NA,NA,NA
10,6,2018-05-29,2,NA,NA,NA,NA,1,22,NA,NA,3
1,6,2018-06-04,NA,1,NA,NA,NA,3,23,NA,NA,3
2,6,2018-06-04,1,NA,NA,NA,NA,1,28,NA,NA,5
3,6,2018-06-04,3,NA,NA,NA,NA,23,15,NA,NA,5
4,6,2018-06-04,NA,1,NA,NA,NA,1,16,NA,NA,NA
5,6,2018-06-04,2,NA,NA,NA,1,5,59,NA,NA,6
6,6,2018-06-04,NA,NA,NA,NA,NA,NA,17,1,NA,2
7,6,2018-06-04,2,NA,NA,NA,NA,4,41,NA,NA,4
8,6,2018-06-04,1,NA,NA,NA,2,NA,66,NA,NA,3
9,6,2018-06-04,2,NA,NA,NA,NA,NA,22,NA,NA,1
10,6,2018-06-04,NA,NA,NA,NA,1,NA,31,1,NA,NA
1,6,2018-06-11,2,NA,NA,NA,1,3,15,NA,NA,4
2,6,2018-06-11,1,1,NA,NA,NA,1,28,1,NA,6
3,6,2018-06-11,1,1,NA,NA,1,4,42,1,NA,11
4,6,2018-06-11,NA,NA,NA,NA,NA,NA,18,1,NA,1
5,6,2018-06-11,1,NA,NA,NA,NA,NA,18,NA,NA,NA
6,6,2018-06-11,NA,NA,NA,NA,NA,NA,24,NA,NA,4
7,6,2018-06-11,NA,NA,NA,NA,NA,NA,87,5,NA,9
8,6,2018-06-11,2,NA,NA,NA,NA,NA,14,NA,NA,1
9,6,2018-06-11,NA,NA,NA,NA,NA,NA,36,NA,NA,1
10,6,2018-06-11,NA,NA,NA,NA,NA,4,78,NA,NA,2
1,6,2018-06-18,NA,1,NA,NA,1,5,19,1,NA,11
2,6,2018-06-18,4,1,NA,NA,NA,2,47,1,NA,10
3,6,2018-06-18,5,NA,NA,NA,1,4,19,3,NA,10
4,6,2018-06-18,2,NA,NA,NA,2,3,52,NA,NA,25
5,6,2018-06-18,NA,NA,NA,NA,NA,NA,32,2,NA,14
6,6,2018-06-18,6,NA,NA,NA,1,4,30,NA,NA,14
7,6,2018-06-18,NA,2,NA,NA,NA,5,32,1,NA,6
8,6,2018-06-18,1,NA,NA,NA,5,5,25,7,NA,12
9,6,2018-06-18,1,1,NA,NA,NA,8,5,2,NA,8
10,6,2018-06-18,3,1,NA,NA,NA,8,11,NA,NA,11
1,6,2018-06-25,1,NA,NA,NA,NA,NA,38,NA,NA,15
2,6,2018-06-25,1,NA,NA,NA,1,2,25,NA,NA,7
3,6,2018-06-25,1,NA,NA,NA,NA,2,24,3,NA,6
4,6,2018-06-25,2,NA,NA,NA,1,NA,25,NA,NA,15
5,6,2018-06-25,NA,NA,4,NA,2,3,61,NA,NA,10
6,6,2018-06-25,2,NA,NA,NA,NA,2,27,1,NA,3
7,6,2018-06-25,2,NA,NA,NA,NA,2,14,2,NA,3
8,6,2018-06-25,2,NA,NA,NA,1,3,22,NA,NA,3
9,6,2018-06-25,2,NA,NA,NA,NA,4,18,NA,NA,7
10,6,2018-06-25,3,1,2,NA,1,2,22,NA,NA,14
1,6,2018-07-02,NA,NA,NA,NA,NA,2,15,NA,NA,3
2,6,2018-07-02,3,NA,NA,NA,NA,NA,34,NA,NA,4
3,6,2018-07-02,NA,1,1,NA,NA,NA,35,NA,NA,10
4,6,2018-07-02,5,NA,NA,NA,NA,NA,36,NA,NA,NA
5,6,2018-07-02,2,NA,1,NA,NA,4,31,NA,NA,13
6,6,2018-07-02,4,NA,1,NA,NA,NA,30,NA,NA,4
7,6,2018-07-02,3,NA,2,NA,1,1,22,NA,NA,4
8,6,2018-07-02,NA,NA,2,NA,NA,3,14,NA,NA,3
9,6,2018-07-02,4,NA,NA,NA,NA,1,29,NA,NA,7
10,6,2018-07-02,1,NA,NA,NA,NA,2,19,NA,NA,4
1,6,2018-07-09,2,NA,NA,NA,1,4,23,NA,NA,6
2,6,2018-07-09,NA,NA,4,NA,NA,4,26,NA,NA,9
3,6,2018-07-09,1,NA,NA,NA,NA,4,13,NA,NA,NA
4,6,2018-07-09,5,NA,NA,NA,NA,6,12,NA,NA,6
5,6,2018-07-09,2,NA,NA,NA,1,1,18,NA,NA,12
6,6,2018-07-09,2,NA,NA,NA,1,1,25,NA,NA,13
7,6,2018-07-09,3,NA,1,NA,NA,4,21,NA,NA,8
8,6,2018-07-09,3,NA,NA,NA,1,3,23,NA,NA,9
9,6,2018-07-09,3,NA,1,NA,1,5,19,NA,NA,9
10,6,2018-07-09,3,NA,NA,NA,1,3,22,NA,NA,6
1,6,2018-07-16,2,1,NA,NA,NA,2,9,1,NA,7
2,6,2018-07-16,2,NA,NA,NA,NA,11,24,NA,NA,11
3,6,2018-07-16,6,NA,1,NA,NA,6,10,NA,NA,10
4,6,2018-07-16,2,NA,NA,NA,2,8,12,NA,NA,11
5,6,2018-07-16,2,NA,NA,NA,NA,6,11,NA,NA,7
6,6,2018-07-16,2,1,NA,NA,NA,3,14,NA,NA,12
7,6,2018-07-16,2,NA,NA,NA,NA,4,2,NA,NA,8
8,6,2018-07-16,2,NA,NA,NA,NA,4,2,NA,NA,8
9,6,2018-07-16,3,NA,1,NA,1,6,20,NA,NA,11
10,6,2018-07-16,1,NA,1,NA,NA,1,22,NA,NA,8
1,6,2018-07-23,2,2,NA,NA,NA,2,3,NA,NA,6
2,6,2018-07-23,1,NA,NA,NA,NA,1,1,NA,NA,3
3,6,2018-07-23,3,NA,NA,NA,NA,10,20,NA,NA,5
4,6,2018-07-23,4,NA,NA,NA,NA,3,9,NA,NA,6
5,6,2018-07-23,NA,3,NA,NA,NA,2,12,NA,NA,11
6,6,2018-07-23,NA,NA,NA,NA,NA,5,11,NA,NA,13
7,6,2018-07-23,2,NA,NA,NA,NA,5,10,NA,NA,7
8,6,2018-07-23,3,NA,NA,NA,NA,2,9,NA,NA,8
1,6,2018-07-30,NA,NA,NA,NA,NA,2,11,NA,NA,1
2,6,2018-07-30,2,NA,NA,NA,NA,NA,18,NA,NA,NA
3,6,2018-07-30,1,1,NA,NA,NA,4,12,NA,NA,1
4,6,2018-07-30,NA,NA,NA,NA,1,3,5,NA,NA,NA
5,6,2018-07-30,1,NA,NA,NA,NA,4,6,NA,NA,NA
6,6,2018-07-30,4,NA,NA,NA,NA,2,13,NA,NA,2
7,6,2018-07-30,1,NA,NA,NA,NA,3,13,NA,NA,NA
8,6,2018-07-30,2,1,NA,NA,1,1,11,NA,NA,3
9,6,2018-07-30,3,NA,NA,NA,NA,4,11,NA,NA,NA
10,6,2018-07-30,4,2,NA,NA,2,1,7,NA,NA,3
1,6,2018-08-06,NA,NA,NA,NA,NA,2,14,NA,NA,2
2,6,2018-08-06,1,NA,NA,NA,NA,4,4,NA,NA,2
3,6,2018-08-06,3,NA,2,NA,NA,4,7,NA,NA,2
4,6,2018-08-06,2,NA,NA,NA,NA,3,6,NA,NA,NA
5,6,2018-08-06,NA,1,NA,NA,2,1,7,NA,NA,2
6,6,2018-08-06,3,NA,NA,NA,NA,NA,7,NA,NA,NA
7,6,2018-08-06,NA,NA,NA,NA,NA,5,8,NA,NA,3
8,6,2018-08-06,NA,NA,NA,NA,NA,2,6,NA,NA,2
9,6,2018-08-06,NA,NA,NA,NA,NA,2,8,NA,NA,1
10,6,2018-08-06,NA,NA,NA,NA,NA,2,6,NA,NA,1
1,6,2018-08-13,2,NA,NA,NA,NA,4,8,NA,NA,3
2,6,2018-08-13,NA,NA,NA,NA,NA,3,4,NA,NA,3
3,6,2018-08-13,NA,NA,NA,NA,NA,4,8,NA,NA,3
4,6,2018-08-13,1,NA,NA,NA,NA,1,6,NA,NA,1
5,6,2018-08-13,NA,NA,NA,NA,NA,1,7,NA,NA,2
6,6,2018-08-13,NA,NA,NA,NA,NA,1,14,NA,NA,2
7,6,2018-08-13,1,NA,NA,NA,NA,1,2,NA,NA,NA
8,6,2018-08-13,NA,1,NA,NA,NA,NA,14,NA,NA,1
9,6,2018-08-13,NA,NA,NA,NA,1,NA,6,NA,NA,5
10,6,2018-08-13,NA,NA,NA,NA,NA,2,7,NA,NA,2
1,6,2018-08-20,NA,NA,1,NA,NA,6,3,NA,NA,NA
2,6,2018-08-20,NA,NA,NA,NA,1,1,14,NA,NA,4
3,6,2018-08-20,2,NA,NA,NA,NA,2,3,NA,NA,NA
4,6,2018-08-20,NA,NA,NA,NA,NA,1,6,NA,NA,NA
5,6,2018-08-20,1,NA,NA,NA,NA,3,6,NA,NA,3
6,6,2018-08-20,1,NA,NA,NA,NA,2,7,NA,NA,5
7,6,2018-08-20,1,NA,NA,NA,1,1,6,NA,NA,2
8,6,2018-08-20,NA,NA,NA,NA,NA,NA,7,NA,NA,2
9,6,2018-08-20,NA,NA,NA,NA,NA,NA,8,NA,NA,2
10,6,2018-08-20,NA,NA,NA,NA,NA,3,4,NA,NA,NA
1,6,2018-08-27,NA,1,NA,NA,NA,NA,3,NA,NA,1
2,6,2018-08-27,1,NA,NA,NA,2,NA,5,NA,NA,NA
3,6,2018-08-27,1,NA,NA,NA,NA,1,4,NA,NA,2
4,6,2018-08-27,1,NA,NA,NA,NA,NA,6,NA,NA,3
5,6,2018-08-27,1,NA,NA,NA,NA,1,2,NA,NA,NA
6,6,2018-08-27,NA,NA,NA,NA,NA,1,6,NA,NA,1
7,6,2018-08-27,NA,NA,NA,NA,NA,1,11,NA,NA,NA
8,6,2018-08-27,1,NA,NA,NA,NA,2,7,NA,NA,1
9,6,2018-08-27,NA,NA,NA,NA,NA,2,2,NA,NA,NA
10,6,2018-08-27,1,NA,NA,NA,NA,NA,7,NA,NA,NA
1,6,2018-09-04,1,NA,NA,NA,NA,NA,4,NA,NA,3
2,6,2018-09-04,NA,1,NA,NA,NA,1,3,NA,NA,2
3,6,2018-09-04,NA,NA,NA,NA,NA,3,7,NA,NA,1
4,6,2018-09-04,NA,NA,NA,NA,NA,NA,3,NA,NA,NA
5,6,2018-09-04,1,NA,NA,NA,NA,1,4,NA,NA,NA
6,6,2018-09-04,NA,NA,NA,NA,NA,1,7,NA,NA,NA
7,6,2018-09-04,NA,NA,NA,NA,NA,1,4,NA,NA,1
8,6,2018-09-04,NA,NA,NA,NA,NA,1,7,NA,NA,NA
9,6,2018-09-04,1,NA,NA,NA,NA,2,6,NA,NA,4
10,6,2018-09-04,NA,NA,NA,NA,NA,NA,4,NA,NA,NA
1,6,2018-09-10,NA,NA,NA,NA,NA,NA,6,NA,NA,1
2,6,2018-09-10,1,NA,NA,NA,NA,NA,5,NA,NA,1
3,6,2018-09-10,NA,NA,1,NA,NA,2,2,NA,NA,NA
4,6,2018-09-10,NA,NA,NA,NA,NA,1,2,NA,NA,NA
5,6,2018-09-10,NA,NA,NA,NA,NA,1,2,NA,NA,NA
6,6,2018-09-10,1,NA,NA,NA,1,NA,8,NA,NA,2
7,6,2018-09-10,1,NA,NA,NA,NA,NA,4,NA,NA,1
8,6,2018-09-10,1,NA,NA,NA,NA,2,6,NA,NA,2
9,6,2018-09-10,1,NA,NA,NA,NA,NA,5,NA,NA,1
10,6,2018-09-10,NA,NA,NA,NA,NA,1,5,NA,NA,1
1,6,2018-09-17,1,NA,NA,NA,NA,NA,3,NA,NA,NA
2,6,2018-09-17,1,NA,NA,NA,NA,NA,2,NA,NA,1
3,6,2018-09-17,1,NA,NA,NA,NA,NA,6,NA,NA,NA
4,6,2018-09-17,NA,NA,NA,NA,NA,NA,2,NA,NA,2
5,6,2018-09-17,NA,NA,NA,NA,NA,NA,3,NA,NA,NA
6,6,2018-09-17,NA,NA,NA,NA,NA,NA,6,NA,NA,NA
7,6,2018-09-17,NA,NA,NA,NA,NA,NA,5,NA,NA,2
8,6,2018-09-17,NA,NA,NA,NA,NA,1,7,NA,NA,3
9,6,2018-09-17,NA,NA,NA,NA,NA,NA,3,NA,NA,NA
10,6,2018-09-17,NA,NA,NA,NA,NA,2,9,NA,NA,1
1,6,2018-09-24,1,NA,NA,NA,NA,NA,9,NA,NA,3
2,6,2018-09-24,1,NA,NA,NA,NA,NA,7,NA,NA,1
3,6,2018-09-24,NA,NA,NA,NA,NA,NA,2,NA,NA,NA
4,6,2018-09-24,NA,NA,NA,NA,NA,NA,5,NA,NA,1
5,6,2018-09-24,1,NA,NA,NA,NA,NA,17,NA,NA,1
6,6,2018-09-24,NA,NA,NA,NA,NA,NA,15,NA,NA,1
7,6,2018-09-24,NA,NA,NA,NA,NA,NA,11,NA,NA,1
8,6,2018-09-24,NA,NA,NA,NA,NA,NA,4,NA,NA,NA
9,6,2018-09-24,2,NA,NA,NA,NA,NA,2,NA,NA,NA
10,6,2018-09-24,1,NA,NA,NA,NA,NA,4,NA,NA,NA
1,6,2018-10-01,4,NA,NA,NA,NA,NA,4,NA,NA,NA
2,6,2018-10-01,NA,NA,NA,NA,NA,NA,13,NA,NA,NA
3,6,2018-10-01,NA,NA,NA,NA,NA,1,4,NA,NA,1
4,6,2018-10-01,2,NA,NA,NA,NA,NA,7,NA,NA,NA
5,6,2018-10-01,NA,NA,NA,NA,NA,NA,6,NA,NA,NA
6,6,2018-10-01,4,NA,NA,NA,NA,NA,10,NA,NA,NA
7,6,2018-10-01,3,NA,NA,NA,NA,NA,6,NA,NA,1
8,6,2018-10-01,1,NA,NA,NA,NA,NA,13,NA,NA,NA
9,6,2018-10-01,1,NA,NA,NA,NA,NA,2,NA,NA,NA
10,6,2018-10-01,1,NA,NA,NA,NA,NA,7,NA,NA,NA
1,6,2018-10-08,1,NA,NA,NA,NA,NA,2,NA,NA,NA
2,6,2018-10-08,NA,NA,NA,NA,NA,NA,2,NA,NA,NA
3,6,2018-10-08,NA,NA,NA,NA,NA,NA,4,NA,NA,NA
4,6,2018-10-08,1,NA,NA,NA,NA,NA,3,NA,NA,NA
5,6,2018-10-08,2,NA,NA,NA,NA,NA,11,NA,NA,NA
6,6,2018-10-08,NA,NA,NA,NA,NA,NA,5,NA,NA,NA
7,6,2018-10-08,2,NA,NA,NA,NA,NA,6,NA,NA,NA
8,6,2018-10-08,2,NA,NA,NA,NA,NA,10,NA,NA,NA
9,6,2018-10-08,4,NA,NA,NA,NA,NA,13,NA,NA,NA
10,6,2018-10-08,9,NA,NA,NA,NA,NA,24,NA,NA,NA
1,6,2018-10-15,9,NA,NA,NA,NA,NA,1,NA,NA,NA
2,6,2018-10-15,2,NA,NA,NA,NA,NA,10,NA,NA,NA
3,6,2018-10-15,1,NA,NA,NA,NA,NA,4,NA,NA,2
4,6,2018-10-15,1,NA,NA,NA,NA,NA,7,NA,NA,NA
5,6,2018-10-15,2,NA,NA,NA,NA,NA,4,NA,NA,NA
6,6,2018-10-15,2,NA,NA,NA,NA,NA,6,NA,NA,NA
7,6,2018-10-15,NA,NA,NA,NA,NA,NA,4,NA,NA,NA
8,6,2018-10-15,1,NA,NA,NA,NA,NA,7,NA,NA,NA
9,6,2018-10-15,NA,NA,NA,NA,NA,NA,NA,NA,NA,NA
10,6,2018-10-15,NA,NA,NA,NA,NA,NA,NA,NA,NA,NA
1,6,2018-10-22,NA,NA,NA,NA,NA,NA,1,NA,NA,NA
2,6,2018-10-22,NA,NA,NA,NA,NA,NA,8,NA,NA,NA
3,6,2018-10-22,NA,NA,NA,NA,NA,NA,1,NA,NA,NA
4,6,2018-10-22,2,NA,NA,NA,NA,NA,2,NA,NA,NA
5,6,2018-10-22,1,NA,NA,NA,NA,NA,2,NA,NA,NA
6,6,2018-10-22,2,NA,NA,NA,NA,NA,3,NA,NA,1
7,6,2018-10-22,NA,NA,NA,NA,NA,NA,9,NA,NA,NA
8,6,2018-10-22,2,NA,NA,NA,NA,NA,2,NA,NA,1
9,6,2018-10-22,2,NA,NA,NA,NA,NA,5,NA,NA,NA
10,6,2018-10-22,1,NA,NA,NA,NA,NA,4,NA,NA,NA
1,6,2018-10-29,1,NA,NA,NA,NA,NA,4,NA,NA,NA
2,6,2018-10-29,NA,1,NA,NA,NA,NA,1,NA,NA,NA
3,6,2018-10-29,2,NA,NA,NA,NA,NA,NA,NA,NA,NA
4,6,2018-10-29,2,NA,NA,NA,NA,NA,NA,NA,NA,NA
5,6,2018-10-29,1,NA,NA,NA,NA,NA,NA,NA,NA,NA
6,6,2018-10-29,0,NA,NA,NA,NA,NA,NA,NA,NA,NA
7,6,2018-10-29,1,NA,NA,NA,NA,NA,2,NA,NA,NA
8,6,2018-10-29,0,NA,NA,NA,NA,NA,NA,NA,NA,NA
9,6,2018-10-29,1,NA,NA,NA,NA,NA,NA,NA,NA,NA
10,6,2018-10-29,1,NA,NA,NA,NA,NA,NA,NA,NA,NA
1,6,2018-11-05,5,NA,NA,NA,NA,NA,2,NA,NA,NA
2,6,2018-11-05,2,NA,NA,NA,NA,NA,1,NA,NA,NA
3,6,2018-11-05,0,NA,NA,NA,NA,NA,NA,NA,NA,NA
4,6,2018-11-05,3,NA,NA,NA,NA,NA,5,NA,NA,NA
5,6,2018-11-05,5,NA,NA,NA,NA,NA,4,NA,NA,NA
6,6,2018-11-05,1,NA,NA,NA,NA,NA,3,NA,NA,NA
7,6,2018-11-05,4,NA,NA,NA,NA,NA,2,NA,NA,NA
8,6,2018-11-05,4,NA,NA,NA,NA,NA,3,NA,NA,NA
9,6,2018-11-05,2,NA,NA,NA,NA,NA,2,NA,NA,NA
10,6,2018-11-05,1,NA,NA,NA,NA,NA,2,NA,NA,NA
1,6,2018-11-12,3,NA,NA,NA,NA,NA,2,NA,NA,NA
2,6,2018-11-12,4,NA,NA,NA,NA,NA,2,NA,NA,NA
3,6,2018-11-12,4,NA,NA,NA,NA,NA,5,NA,NA,NA
4,6,2018-11-12,3,NA,NA,NA,NA,NA,6,NA,NA,NA
5,6,2018-11-12,4,NA,NA,NA,NA,NA,3,NA,NA,NA
6,6,2018-11-12,4,NA,NA,NA,NA,NA,5,NA,NA,NA
7,6,2018-11-12,1,NA,NA,NA,NA,NA,4,NA,NA,NA
8,6,2018-11-12,4,NA,NA,NA,NA,NA,6,NA,NA,NA
9,6,2018-11-12,7,NA,NA,NA,NA,NA,4,NA,NA,NA
10,6,2018-11-12,10,NA,NA,NA,NA,NA,4,NA,NA,NA
1,9,2018-05-21,10,2,NA,NA,NA,3,16,2,NA,10
2,9,2018-05-21,3,1,NA,NA,1,4,6,NA,NA,7
3,9,2018-05-21,2,3,NA,NA,NA,NA,6,2,NA,NA
4,9,2018-05-21,4,1,NA,NA,NA,NA,13,2,NA,5
5,9,2018-05-21,4,1,NA,NA,NA,NA,8,2,NA,3
6,9,2018-05-21,3,NA,NA,NA,NA,2,7,1,NA,3
7,9,2018-05-21,2,NA,NA,NA,NA,NA,67,NA,NA,NA
8,9,2018-05-21,4,2,NA,NA,1,NA,29,NA,NA,2
9,9,2018-05-21,3,NA,NA,NA,1,1,17,2,NA,8
10,9,2018-05-21,3,1,NA,NA,NA,2,7,5,NA,6
1,9,2018-05-29,5,4,NA,NA,1,2,21,9,NA,32
2,9,2018-05-29,4,1,NA,NA,NA,NA,8,6,NA,14
3,9,2018-05-29,4,5,NA,NA,NA,2,19,13,NA,13
4,9,2018-05-29,1,3,NA,NA,NA,3,10,5,NA,11
5,9,2018-05-29,11,6,NA,NA,NA,NA,51,4,NA,12
6,9,2018-05-29,12,2,NA,NA,1,NA,13,4,NA,6
7,9,2018-05-29,4,1,NA,NA,NA,3,35,6,NA,8
8,9,2018-05-29,NA,NA,NA,NA,NA,NA,11,2,NA,3
9,9,2018-05-29,2,3,NA,NA,NA,NA,47,10,NA,13
10,9,2018-05-29,7,NA,NA,NA,NA,NA,10,1,NA,5
1,9,2018-06-04,4,NA,NA,NA,NA,1,11,NA,NA,8
2,9,2018-06-04,4,NA,NA,NA,NA,NA,29,NA,NA,7
3,9,2018-06-04,6,NA,1,NA,NA,1,40,NA,NA,16
4,9,2018-06-04,2,NA,1,NA,1,NA,33,NA,NA,7
5,9,2018-06-04,4,NA,NA,NA,NA,1,27,NA,NA,NA
6,9,2018-06-04,14,NA,NA,NA,NA,2,67,NA,NA,12
7,9,2018-06-04,13,1,NA,NA,NA,2,44,NA,NA,18
8,9,2018-06-04,6,2,NA,NA,1,1,20,NA,NA,22
9,9,2018-06-04,3,4,NA,NA,NA,1,33,NA,NA,36
10,9,2018-06-04,3,2,NA,NA,1,2,22,NA,NA,18
1,9,2018-06-11,15,NA,NA,NA,NA,NA,26,NA,NA,2
2,9,2018-06-11,2,NA,NA,NA,NA,1,27,NA,NA,5
3,9,2018-06-11,2,1,NA,NA,NA,2,70,NA,NA,7
4,9,2018-06-11,NA,3,NA,NA,1,NA,31,NA,NA,4
5,9,2018-06-11,NA,3,NA,NA,1,NA,13,NA,NA,4
6,9,2018-06-11,6,1,NA,NA,1,3,55,NA,NA,24
7,9,2018-06-11,3,1,NA,NA,NA,NA,14,NA,NA,3
8,9,2018-06-11,4,2,NA,NA,NA,NA,77,NA,NA,8
9,9,2018-06-11,2,NA,NA,NA,NA,1,35,NA,NA,4
10,9,2018-06-11,1,NA,NA,NA,NA,NA,11,NA,NA,2
1,9,2018-06-18,1,NA,NA,NA,1,3,20,NA,NA,6
2,9,2018-06-18,3,NA,NA,NA,1,2,27,NA,NA,4
3,9,2018-06-18,4,1,1,NA,NA,4,66,NA,NA,8
4,9,2018-06-18,3,2,NA,NA,NA,7,41,NA,NA,NA
5,9,2018-06-18,3,3,NA,NA,NA,4,45,NA,NA,36
6,9,2018-06-18,3,3,1,NA,3,NA,56,NA,NA,34
7,9,2018-06-18,4,8,2,NA,3,NA,41,NA,NA,NA
8,9,2018-06-18,3,1,1,NA,NA,1,45,NA,NA,31
9,9,2018-06-18,3,1,NA,NA,NA,NA,21,NA,NA,NA
10,9,2018-06-18,2,NA,NA,NA,NA,3,64,NA,NA,18
1,9,2018-06-25,6,8,NA,NA,NA,4,30,NA,NA,25
2,9,2018-06-25,1,NA,1,NA,NA,1,27,NA,NA,62
3,9,2018-06-25,6,6,NA,NA,1,1,30,NA,NA,48
4,9,2018-06-25,2,7,NA,NA,1,1,11,NA,NA,13
5,9,2018-06-25,5,1,NA,NA,NA,3,27,NA,NA,14
6,9,2018-06-25,1,1,1,NA,NA,NA,5,NA,NA,4
7,9,2018-06-25,4,1,1,NA,NA,1,12,NA,NA,13
8,9,2018-06-25,6,1,NA,NA,NA,4,52,NA,NA,27
9,9,2018-06-25,5,NA,1,NA,NA,2,26,NA,NA,17
10,9,2018-06-25,10,5,NA,NA,NA,NA,19,NA,NA,6
1,9,2018-07-02,11,NA,1,NA,NA,2,18,NA,NA,10
2,9,2018-07-02,25,NA,NA,NA,NA,2,10,NA,NA,12
3,9,2018-07-02,5,1,NA,NA,NA,3,14,NA,NA,12
4,9,2018-07-02,2,NA,1,NA,NA,2,5,NA,NA,6
5,9,2018-07-02,4,2,NA,NA,NA,NA,15,NA,NA,25
6,9,2018-07-02,10,2,NA,NA,NA,NA,18,NA,NA,33
7,9,2018-07-02,6,NA,4,NA,NA,2,25,NA,NA,19
8,9,2018-07-02,4,NA,NA,NA,NA,NA,22,NA,NA,6
9,9,2018-07-02,4,NA,NA,NA,NA,1,20,NA,NA,53
10,9,2018-07-02,2,4,NA,NA,1,2,11,NA,NA,2
1,9,2018-07-09,2,2,NA,NA,NA,2,17,NA,NA,21
2,9,2018-07-09,8,2,NA,NA,1,3,30,NA,NA,33
3,9,2018-07-09,3,1,NA,NA,NA,3,30,NA,NA,33
4,9,2018-07-09,3,NA,NA,NA,NA,NA,11,NA,NA,28
5,9,2018-07-09,1,7,1,NA,NA,NA,21,NA,NA,24
6,9,2018-07-09,1,2,NA,NA,4,NA,31,NA,NA,95
7,9,2018-07-09,2,NA,2,NA,NA,NA,42,NA,NA,45
8,9,2018-07-09,NA,3,1,NA,NA,3,20,NA,NA,29
9,9,2018-07-09,NA,2,NA,NA,3,4,37,NA,NA,57
10,9,2018-07-09,3,6,1,NA,NA,3,16,NA,NA,NA
1,9,2018-07-16,NA,3,NA,NA,NA,3,22,NA,NA,14
2,9,2018-07-16,NA,2,2,NA,1,NA,46,NA,NA,20
3,9,2018-07-16,3,3,NA,NA,NA,1,29,NA,NA,17
4,9,2018-07-16,NA,NA,NA,NA,3,1,23,NA,NA,6
5,9,2018-07-16,2,1,1,NA,NA,1,16,NA,NA,34
6,9,2018-07-16,1,NA,2,NA,NA,NA,11,NA,NA,7
7,9,2018-07-16,2,9,2,NA,NA,NA,21,NA,NA,16
8,9,2018-07-16,3,5,NA,NA,2,NA,36,NA,NA,40
9,9,2018-07-16,2,11,NA,NA,2,3,46,NA,NA,39
10,9,2018-07-16,1,5,NA,NA,1,1,16,NA,NA,14
1,9,2018-07-23,5,NA,NA,NA,NA,NA,12,NA,NA,15
2,9,2018-07-23,5,3,NA,NA,2,NA,9,NA,NA,12
3,9,2018-07-23,5,3,2,NA,NA,1,14,NA,NA,3
4,9,2018-07-23,3,1,1,NA,1,NA,20,NA,NA,NA
5,9,2018-07-23,8,1,1,NA,2,NA,14,NA,NA,12
6,9,2018-07-23,2,1,2,NA,4,1,13,NA,NA,5
7,9,2018-07-23,3,8,NA,NA,NA,NA,17,NA,NA,7
8,9,2018-07-23,3,1,NA,NA,5,NA,17,NA,NA,10
9,9,2018-07-23,2,5,NA,NA,14,2,6,NA,NA,14
10,9,2018-07-23,1,4,1,NA,6,NA,19,3,NA,5
1,9,2018-07-30,2,NA,NA,NA,6,NA,9,NA,NA,NA
2,9,2018-07-30,NA,NA,NA,NA,4,1,13,1,NA,NA
3,9,2018-07-30,NA,1,1,NA,2,NA,9,NA,NA,3
4,9,2018-07-30,NA,2,NA,NA,NA,NA,6,NA,NA,NA
5,9,2018-07-30,1,NA,1,NA,11,NA,5,NA,NA,NA
6,9,2018-07-30,3,NA,NA,NA,12,1,10,NA,NA,3
7,9,2018-07-30,1,NA,NA,NA,NA,NA,3,NA,NA,1
8,9,2018-07-30,1,NA,NA,NA,1,NA,2,NA,NA,1
9,9,2018-07-30,1,NA,NA,NA,NA,2,5,NA,NA,1
10,9,2018-07-30,NA,NA,NA,NA,2,NA,3,NA,NA,4
1,9,2018-08-06,4,NA,NA,NA,1,NA,3,NA,NA,2
2,9,2018-08-06,8,NA,NA,NA,1,1,5,NA,NA,2
3,9,2018-08-06,8,NA,NA,NA,5,NA,7,NA,NA,NA
4,9,2018-08-06,5,NA,1,NA,4,NA,3,NA,NA,NA
5,9,2018-08-06,9,NA,NA,NA,1,NA,8,NA,NA,2
6,9,2018-08-06,NA,NA,NA,NA,1,NA,1,NA,NA,NA
7,9,2018-08-06,3,NA,NA,NA,8,NA,9,NA,NA,2
8,9,2018-08-06,1,2,NA,NA,8,1,8,NA,NA,NA
9,9,2018-08-06,1,NA,NA,NA,4,NA,2,NA,NA,1
10,9,2018-08-06,3,1,NA,NA,9,2,6,NA,NA,NA
1,9,2018-08-13,2,NA,NA,NA,1,NA,2,NA,NA,NA
2,9,2018-08-13,4,NA,NA,NA,NA,1,11,NA,NA,1
3,9,2018-08-13,1,NA,NA,NA,2,NA,8,NA,NA,NA
4,9,2018-08-13,7,NA,NA,NA,2,2,3,NA,NA,NA
5,9,2018-08-13,3,NA,NA,NA,1,NA,7,NA,NA,NA
6,9,2018-08-13,1,1,NA,NA,16,2,5,NA,NA,2
7,9,2018-08-13,3,NA,NA,NA,4,2,5,NA,NA,NA
8,9,2018-08-13,NA,NA,NA,NA,5,NA,2,NA,NA,NA
9,9,2018-08-13,4,NA,NA,NA,6,1,5,NA,NA,NA
10,9,2018-08-13,2,NA,NA,NA,5,1,10,NA,NA,NA
1,9,2018-08-20,1,NA,NA,NA,2,1,7,NA,NA,NA
2,9,2018-08-20,4,NA,NA,NA,13,1,15,NA,NA,2
3,9,2018-08-20,NA,1,1,NA,3,3,10,NA,NA,NA
4,9,2018-08-20,2,NA,NA,NA,4,1,15,NA,NA,NA
5,9,2018-08-20,1,3,NA,NA,1,NA,5,NA,NA,NA
6,9,2018-08-20,6,1,NA,NA,1,NA,13,NA,NA,NA
7,9,2018-08-20,2,NA,NA,NA,3,1,7,NA,NA,1
8,9,2018-08-20,NA,NA,NA,NA,NA,NA,9,NA,NA,2
9,9,2018-08-20,1,NA,NA,NA,1,NA,NA,NA,NA,NA
10,9,2018-08-20,3,NA,NA,NA,NA,1,5,NA,NA,NA
1,9,2018-08-27,3,1,2,NA,1,NA,2,NA,NA,1
2,9,2018-08-27,2,NA,NA,NA,1,NA,2,NA,NA,1
3,9,2018-08-27,2,1,1,NA,1,1,11,NA,NA,1
4,9,2018-08-27,1,NA,NA,NA,NA,NA,9,NA,NA,NA
5,9,2018-08-27,6,NA,1,NA,1,NA,4,NA,NA,NA
6,9,2018-08-27,5,NA,NA,NA,2,NA,5,NA,NA,2
7,9,2018-08-27,2,NA,NA,NA,2,1,10,NA,NA,NA
8,9,2018-08-27,7,1,NA,NA,2,NA,13,NA,NA,1
9,9,2018-08-27,2,1,1,NA,NA,NA,6,NA,NA,NA
10,9,2018-08-27,4,NA,NA,NA,6,NA,1,NA,NA,NA
1,9,2018-09-04,4,NA,NA,NA,1,NA,6,NA,NA,NA
2,9,2018-09-04,4,NA,NA,NA,3,NA,7,NA,NA,NA
3,9,2018-09-04,7,NA,NA,NA,NA,NA,7,NA,NA,NA
4,9,2018-09-04,NA,NA,NA,NA,1,NA,6,NA,NA,NA
5,9,2018-09-04,3,1,1,NA,NA,NA,6,NA,NA,NA
6,9,2018-09-04,4,NA,NA,NA,1,NA,3,NA,NA,NA
7,9,2018-09-04,2,NA,1,NA,5,NA,9,NA,NA,NA
8,9,2018-09-04,NA,NA,NA,NA,NA,NA,11,NA,NA,NA
9,9,2018-09-04,2,NA,NA,NA,1,NA,2,NA,NA,NA
10,9,2018-09-04,1,NA,NA,NA,NA,NA,4,NA,NA,4
1,9,2018-09-10,1,NA,1,NA,NA,NA,2,NA,NA,1
2,9,2018-09-10,5,NA,NA,NA,NA,NA,9,NA,NA,2
3,9,2018-09-10,4,NA,1,NA,1,NA,NA,NA,NA,3
4,9,2018-09-10,1,NA,NA,NA,NA,NA,4,NA,NA,NA
5,9,2018-09-10,4,NA,1,NA,3,NA,10,NA,NA,1
6,9,2018-09-10,3,NA,NA,NA,NA,NA,12,NA,NA,2
7,9,2018-09-10,1,NA,1,NA,1,NA,5,NA,NA,2
8,9,2018-09-10,2,NA,NA,NA,9,1,5,NA,NA,NA
9,9,2018-09-10,1,NA,NA,NA,4,NA,3,NA,NA,3
10,9,2018-09-10,2,NA,NA,NA,3,NA,1,NA,NA,NA
1,9,2018-09-17,5,2,1,NA,2,NA,10,NA,NA,NA
2,9,2018-09-17,2,NA,NA,NA,2,NA,6,NA,NA,NA
3,9,2018-09-17,NA,NA,NA,NA,NA,NA,1,NA,NA,NA
4,9,2018-09-17,NA,NA,NA,NA,NA,NA,5,NA,NA,1
5,9,2018-09-17,1,NA,2,NA,NA,NA,NA,NA,NA,1
6,9,2018-09-17,2,NA,NA,NA,NA,NA,4,NA,NA,3
7,9,2018-09-17,1,NA,NA,NA,NA,NA,3,NA,NA,3
8,9,2018-09-17,2,NA,NA,NA,NA,NA,1,NA,NA,1
9,9,2018-09-17,1,NA,NA,NA,NA,NA,2,NA,NA,2
10,9,2018-09-17,2,NA,NA,NA,3,NA,3,NA,NA,1
1,9,2018-09-24,2,NA,NA,NA,2,NA,8,NA,NA,1
2,9,2018-09-24,1,NA,NA,NA,NA,NA,7,NA,NA,NA
3,9,2018-09-24,2,NA,NA,NA,2,NA,7,NA,NA,1
4,9,2018-09-24,4,NA,NA,NA,3,1,2,NA,NA,NA
5,9,2018-09-24,3,NA,NA,NA,NA,NA,2,NA,NA,NA
6,9,2018-09-24,3,NA,NA,NA,NA,NA,1,NA,NA,1
7,9,2018-09-24,1,NA,NA,NA,NA,NA,2,NA,NA,NA
8,9,2018-09-24,NA,NA,NA,NA,NA,NA,2,NA,NA,NA
9,9,2018-09-24,NA,NA,NA,NA,NA,NA,5,NA,NA,NA
10,9,2018-09-24,NA,NA,NA,NA,NA,NA,6,NA,NA,NA
1,9,2018-10-01,4,NA,NA,NA,NA,NA,5,2,NA,NA
2,9,2018-10-01,4,2,NA,NA,NA,1,5,2,NA,NA
3,9,2018-10-01,NA,NA,NA,NA,NA,NA,3,1,NA,NA
4,9,2018-10-01,2,NA,NA,NA,NA,NA,3,1,NA,NA
5,9,2018-10-01,8,3,NA,NA,NA,NA,5,3,NA,NA
6,9,2018-10-01,4,2,NA,NA,NA,NA,6,NA,NA,2
7,9,2018-10-01,3,1,NA,NA,NA,NA,5,1,NA,NA
8,9,2018-10-01,NA,NA,NA,NA,NA,NA,5,2,NA,1
9,9,2018-10-01,2,NA,NA,NA,NA,NA,NA,NA,NA,NA
10,9,2018-10-01,2,NA,NA,NA,NA,NA,2,2,NA,NA
1,9,2018-10-08,NA,NA,NA,NA,NA,NA,12,NA,NA,NA
2,9,2018-10-08,1,NA,NA,NA,NA,NA,1,NA,NA,NA
3,9,2018-10-08,2,NA,NA,NA,NA,1,4,NA,NA,NA
4,9,2018-10-08,3,1,NA,NA,NA,NA,7,NA,NA,NA
5,9,2018-10-08,NA,NA,NA,NA,NA,NA,9,NA,NA,2
6,9,2018-10-08,1,NA,NA,NA,NA,NA,8,NA,NA,1
7,9,2018-10-08,NA,NA,NA,NA,NA,NA,7,NA,NA,NA
8,9,2018-10-08,4,NA,NA,NA,2,1,9,NA,NA,NA
9,9,2018-10-08,NA,NA,NA,NA,NA,NA,13,NA,NA,2
10,9,2018-10-08,2,NA,NA,NA,NA,NA,NA,NA,NA,NA
1,9,2018-10-15,4,NA,NA,NA,NA,NA,12,NA,NA,NA
2,9,2018-10-15,3,1,NA,NA,NA,NA,5,NA,NA,NA
3,9,2018-10-15,3,NA,NA,NA,NA,NA,4,NA,NA,NA
4,9,2018-10-15,4,NA,NA,NA,NA,NA,8,NA,NA,1
5,9,2018-10-15,5,NA,NA,NA,NA,NA,7,NA,NA,NA
6,9,2018-10-15,3,NA,NA,NA,1,NA,9,NA,NA,NA
7,9,2018-10-15,3,NA,NA,NA,NA,NA,17,NA,NA,NA
8,9,2018-10-15,1,NA,NA,NA,NA,NA,9,NA,NA,2
9,9,2018-10-15,NA,NA,NA,NA,NA,NA,4,NA,NA,NA
10,9,2018-10-15,2,NA,NA,NA,NA,NA,3,NA,NA,NA
1,9,2018-10-22,2,NA,NA,NA,NA,NA,7,NA,NA,NA
2,9,2018-10-22,3,NA,NA,NA,NA,NA,3,NA,NA,NA
3,9,2018-10-22,NA,NA,NA,NA,NA,NA,1,NA,NA,NA
4,9,2018-10-22,1,NA,NA,NA,NA,NA,2,NA,NA,NA
5,9,2018-10-22,2,NA,NA,NA,NA,NA,1,NA,NA,NA
6,9,2018-10-22,1,NA,NA,NA,NA,NA,4,NA,NA,NA
7,9,2018-10-22,3,NA,NA,NA,NA,NA,4,NA,NA,NA
8,9,2018-10-22,NA,NA,NA,NA,NA,NA,1,NA,NA,NA
9,9,2018-10-22,1,NA,NA,NA,NA,NA,3,NA,NA,NA
10,9,2018-10-22,2,NA,NA,NA,NA,NA,2,NA,NA,NA
1,9,2018-10-29,NA,NA,NA,NA,NA,NA,1,NA,NA,NA
2,9,2018-10-29,NA,NA,NA,NA,NA,NA,1,NA,NA,NA
3,9,2018-10-29,NA,NA,NA,NA,NA,NA,2,NA,NA,NA
4,9,2018-10-29,NA,NA,NA,NA,NA,NA,1,NA,NA,NA
5,9,2018-10-29,NA,NA,NA,NA,NA,NA,1,NA,NA,NA
6,9,2018-10-29,NA,NA,NA,NA,NA,NA,1,NA,NA,NA
7,9,2018-10-29,NA,NA,NA,NA,NA,NA,0,NA,NA,NA
8,9,2018-10-29,NA,NA,NA,NA,NA,NA,1,NA,NA,NA
9,9,2018-10-29,NA,NA,NA,NA,NA,NA,1,NA,NA,NA
10,9,2018-10-29,1,NA,NA,NA,NA,NA,1,NA,NA,NA
1,9,2018-11-05,2,NA,NA,NA,NA,NA,1,NA,NA,NA
2,9,2018-11-05,2,NA,NA,NA,NA,NA,2,NA,NA,NA
3,9,2018-11-05,NA,NA,NA,NA,NA,NA,1,NA,NA,NA
4,9,2018-11-05,2,NA,NA,NA,NA,NA,4,NA,NA,NA
5,9,2018-11-05,3,NA,NA,NA,NA,NA,2,NA,NA,NA
6,9,2018-11-05,NA,NA,NA,NA,NA,NA,1,NA,NA,1
7,9,2018-11-05,2,NA,NA,NA,NA,NA,NA,NA,NA,NA
8,9,2018-11-05,2,NA,NA,NA,NA,NA,2,NA,NA,NA
9,9,2018-11-05,NA,NA,NA,NA,NA,NA,1,NA,NA,NA
10,9,2018-11-05,NA,NA,NA,NA,NA,NA,2,NA,NA,NA
1,9,2018-11-12,2,NA,NA,NA,NA,NA,3,NA,NA,NA
2,9,2018-11-12,3,NA,NA,NA,NA,NA,4,NA,NA,NA
3,9,2018-11-12,NA,NA,NA,NA,NA,NA,2,NA,NA,1
4,9,2018-11-12,1,NA,NA,NA,NA,NA,NA,NA,NA,NA
5,9,2018-11-12,10,NA,NA,NA,NA,NA,NA,NA,NA,NA
6,9,2018-11-12,0,NA,NA,NA,NA,NA,NA,NA,NA,NA
7,9,2018-11-12,1,NA,NA,NA,NA,NA,2,NA,NA,NA
8,9,2018-11-12,3,NA,NA,NA,NA,NA,1,NA,NA,NA
9,9,2018-11-12,NA,NA,NA,NA,NA,NA,1,NA,NA,NA
10,9,2018-11-12,2,NA,NA,NA,NA,NA,3,NA,NA,2
